1027kiisfm,1027kiisfm
1oomiles,1oomiles
2007_s2,2007_s2
247modernmom,247modernmom
42at42,42at42
4sqaddictinfo,4sqaddictinfo
4sqatl,4sqatl
4sqlovestory,4sqlovestory
67mele,67mele
aabrahamsson,aabrahamsson
aaronaccetta,aaronaccetta
aaronlutze,aaronlutze
abc,abc
abestanway,abestanway
abovethestatic,abovethestatic
academik,academik
adamostrow,adamostrow
adcunningham,adcunningham
adriarichards,adriarichards
adriennenhester,adriennenhester
adriftnz,adriftnz
aeer69,aeer69
afpa1,afpa1
afridaythoughts,afridaythoughts
agentjirius,agentjirius
agoldfisher,agoldfisher
ahauptman,ahauptman
ajturner,ajturner
akaashsaini,akaashsaini
alainarivas,alainarivas
alanajoy,alanajoy
alannyc,alannyc
albertwenger,albertwenger
alexgarcia,alexgarcia
alexissunshine,alexissunshine
alexjamesfitz,alexjamesfitz
aliciadoeshair,aliciadoeshair
alie_webb,alie_webb
alistdfw,alistdfw
allimooney,allimooney
allthingskate,allthingskate
alphasigs,alphasigs
alvarezjulian,alvarezjulian
alyandajfanatic,alyandajfanatic
amalucky,amalucky
amazingemerie,amazingemerie
ambassadorbruny,ambassadorbruny
ambde,ambde
amezini,amezini
amnesty,amnesty
amy725,amy725
amyacenolan,amyacenolan
amykocur,amykocur
anda_jd,anda_jd
andreahong,andreahong
andrewphelps,andrewphelps
andrewsmith1443,andrewsmith1443
andrewvest,andrewvest
andykaufman,andykaufman
angelaecarder,angelaecarder
angelawoody,angelawoody
anildash,anildash
annabridget,annabridget
annapizarro,annapizarro
annev6,annev6
anniemal,anniemal
anthonyshelley,anthonyshelley
antibride,antibride
antnys,antnys
antoniocdsmith,antoniocdsmith
anytimefitness,anytimefitness
april_in_wa,april_in_wa
aprilknunchucks,aprilknunchucks
arielcoro,arielcoro
arifuchs,arifuchs
armainiac,armainiac
armano,armano
arnoldvsabben,arnoldvsabben
aroundphilly,aroundphilly
artocalypse,artocalypse
ashleylaurend,ashleylaurend
ash_nicholson,ash_nicholson
asu,asu
atalexbooth,atalexbooth
aussiebum,aussiebum
austin360hot,austin360hot
badbrad562,badbrad562
bahjournalist,bahjournalist
baranek,baranek
baratunde,baratunde
barbaccio,barbaccio
bbcworldservice,bbcworldservice
beaulebens,beaulebens
beejer,beejer
beenishm23,beenishm23
beh_zod,beh_zod
benjaminmejias,benjaminmejias
benmcconnell,benmcconnell
benzado,benzado
beourguestmike,beourguestmike
bernardmoon,bernardmoon
betabay,betabay
bethemedia,bethemedia
bethferreira,bethferreira
bharrier,bharrier
bigboi,bigboi
bigkarma,bigkarma
bikerswelcomeus,bikerswelcomeus
bikforcancer,bikforcancer
binowski,binowski
bk2gther,bk2gther
bobbibillard,bobbibillard
boltron,boltron
boundarybay,boundarybay
bowsern,bowsern
bpmilne,bpmilne
bradcbarker,bradcbarker
brad_justus,brad_justus
bradleystylenyc,bradleystylenyc
brady,brady
bradyhahn,bradyhahn
brandlippincott,brandlippincott
brandonbrown,brandonbrown
brandontnelson,brandontnelson
bravotv,bravo
breko,breko
bremmel,bremmel
brendankeegan,brendankeegan
brett,brett
briancrouch,briancrouch
brianhauer,brianhauer
bridgetzig,bridgetzig
britrock,britrock
brittanygreer5,brittanygreer5
brokentreedist,brokentreedist
brunasororo,brunasororo
brunobyington,brunobyington
bryanseq,bryanseq
bsnyderii,bsnyderii
burtonsnowboard,burtonsnowboard
bydanielvictor,bydanielvictor
bytemarks,bytemarks
caitplusate,caitplusate
calebelston,calebelston
calevans,calevans
calsclassic,calsclassic
camillens,camillens
campcreekfarm,campcreekfarm
camplommer,camplommer
carefulkeeper,carefulkeeper
carissaanneb,carissaanneb
carlablumenthal,carlablumenthal
carlm3,carlm3
carlosmiranda,carlosmiranda
carlosrizo,carlosrizo
carlsorvino,carlsorvino
carolinamillan,carolinamillan
carribugbee,carribugbee
carriekerpen,carriekerpen
caseydaigle,caseydaigle
caseylynnmms,caseylynnmms
catahouligan,catahouligan
catgreggs,catgreggs
cathbot,cathbot
c_banman,c_banman
ccarella,ccarella
cc_chapman,cc_chapman
ccdoan,ccdoan
ccuellar,ccuellar
ceonyc,ceonyc
cespo916,cespo916
charitys,charitys
chaseclark,chaseclark
cheflayla,cheflayla
chelsa,chelsa
cherylrice,cherylrice
chicagoval,chicagoval
chrisgtaylor,chrisgtaylor
chrisirmo,chrisirmo
chrisolave,chrisolave
chrisricca,chrisricca
christinehitt,christinehitt
christinekorda,christinekorda
christophoclese,christophoclese
chupacaubrey,chupacaubrey
cigarcurator,cigarcurator
cincicouponbook,cincicouponbook
ckundo,ckundo
clatko,clatko
claudioenriquea,claudioenriquea
clayman,clayman
cmuiz,cmuiz
cnet,cnet
cntraveler,cntraveler
coachforyou,coachforyou
coachniquenya,coachniquenya
cocomoco,cocomoco
colinglenn,colinglenn
colorado,colorado
concerts,concerts
contentkim,contentkim
continuants,continuants
copano,copano
corbenic,corbenic
corybooker,corybooker
coryjim,coryjim
countcory,countcory
courtenaybird,courtenaybird
craftalliance,craftalliance
crainschicago,crainschicago
crainsnewyork,crainsnewyork
crashoverride_,crashoverride_
crmcmullen,crmcmullen
crocs,crocs
crossga,crossga
ctbartab,ctbartab
ctbites,ctbites
ctcfit,ctcfit
curlycomedy,curlycomedy
curlyjazz,curlyjazz
curtisraye,curtisraye
cyndi_r82,cyndi_r82
czsupplements,czsupplements
dales777,dales777
dallasdirtcandy,dallasdirtcandy
dallasmuseumart,dallasmuseumart
damianodemonte,damianodemonte
damonjohnsonvc,damonjohnsonvc
danceking,danceking
danielbru,danielbru
danielpatrick,danielpatrick
danmaccarone,danmaccarone
dannybloomfield,dannybloomfield
danny_fitton,danny_fitton
dannylondon,dannylondon
danopaquette,danopaquette
danrichardsjr,danrichardsjr
darqlabs,darqlabs
darrelwf,darrelwf
datachick,datachick
davedelaney,davedelaney
davekerpen,davekerpen
davemorin,davemorin
daveotten9304,daveotten9304
davewaite,davewaite
davidnam,davidnam
davidpessah,davidpessah
davidsandusky,davidsandusky
dbearhunley,dbearhunley
dberkowitz,dberkowitz
dbfseattle,dbfseattle
dbkguy,dbkguy
dbmagazine,dbmagazine
dc_design_print,dc_design_print
dcunited,dcunited
deaconbluue,deaconbluue
debra11,debra11
debramacki,debramacki
decanter,decanter
decept1k0n,decept1k0n
dedlam,dedlam
def1ant1,def1ant1
delawarere,delawarere
dens,dens
dermdoc,dermdoc
desireevallez,desireevallez
deskoneer,deskoneer
deweydon,deweydon
dewimailelim,dewimailelim
dggoes211,dggoes211
dhoov08004,dhoov08004
diamondmind50,diamondmind50
digitalascent,digitalascent
digitaltourbus,digitaltourbus
discoverla,discoverla
djacobs,djacobs
djidlemind,djidlemind
djmyk702,djmyk702
djsleeper,djsleeper
djsweeps,djsweeps
dkr,dkr
dmcdowell523,dmcdowell523
dmytrovoytko,dmytrovoytko
_dom,_dom
domthenick,domthenick
donniefranklin,donniefranklin
doubletreesea,doubletreesea
dough,dough
downtownnyc,downtownnyc
drinkphilly,drinkphilly
dsmith124,dsmith124
dtrliveworkplay,dtrliveworkplay
dukeu,dukeu
dusanmurco,dusanmurco
dvinmsm,dvinmsm
dwescott1,dwescott1
edgarprado,edgarprado
edkless,edkless
efl_guy,efl_guy
ehabalibakhreba,ehabalibakhreba
ejmiranda,ejmiranda
ekivemark,ekivemark
electronicdward,electronicdward
elisia66,elisia66
elizabethglau,elizabethglau
elliotj651,elliotj651
elspethjane,elspethjane
embertime,embertime
emiliad,emiliad
emmarocks,emmarocks
endovenoso,endovenoso
energyintransit,energyintransit
equinox,equinox
eranium,eranium
ericdet314,ericdet314
ericwms,ericwms
ernestwilkins,ernestwilkins
estarks02,estarks02
ethoz1970,ethoz1970
everywheretrip,everywheretrip
evolutionfresh,evolutionfresh
ewwellness,ewwellness
extratv,extratv
eyemediadiva,eyemediadiva
fearlessrecords,fearlessrecords
felix,felix
felix_molina,felix_molina
fimoculous,fimoculous
foodem,foodem
forcemm,forcemm
forechecker,forechecker
forgen,forgen
forrestkoba,forrestkoba
fortunemagazine,fortunemagazine
fosterthinking,fosterthinking
francischoe,francischoe
frankneill,frankneill
frdhutaz,frdhutaz
freelilly,freelilly
fremontchamber,fremontchamber
fritzism,fritzism
frizziface,frizziface
froggyfitz,froggyfitz
fromthebronx,fromthebronx
furiouscabbage,furiouscabbage
gabevidal,gabevidal
gadling,gadling
gaetkoguy,gaetkoguy
garyvee,garyvee
gayecrispin,gayecrispin
gdrosser,gdrosser
gecareers,gecareers
genepark,genepark
getnakees,getnakees
ghbrett,ghbrett
giantsbook,giantsbook
gigi_peterkin,gigi_peterkin
gillianilvla,gillianilvla
gingerbreadgal,gingerbreadgal
giovanni,giovanni
gkasica,gkasica
gknutson,gknutson
glamsquadshop,glamsquadshop
glorialloyd,glorialloyd
g_lovesky,g_lovesky
godutchmobile,godutchmobile
goldmalish,goldmalish
gonzaloluengo,gonzaloluengo
gopconvention,gopconvention
gourmetlive,gourmetlive
graciesoriano,graciesoriano
gradylocklear,gradylocklear
graisinbrand,graisinbrand
gregarious,gregarious
greggwsoucie,greggwsoucie
greglee,greglee
griner,griner
guentheralmaty,guentheralmaty
gutterthegreat,gutterthegreat
gvaro,gvaro
gyrus,gyrus
hajjflemings,hajjflemings
halfbrown,halfbrown
hambysandiego,hambysandiego
hasselbeck,hasselbeck
hawaii,hawaii
hawaiilife,hawaiilife
hayitsalexis,hayitsalexis
hc,hc
healthwarehouse,healthwarehouse
healthylosergal,healthylosergal
hearnebraska,hearnebraska
heatherleson,heatherleson
heatherrglass,heatherrglass
heidismilde,heidismilde
helloitsliam,helloitsliam
heyitsliam,heyitsliam
heymattkirsch,heymattkirsch
heymemoirs,heymemoirs
heyrosetta,heyrosetta
hildaagoulay,hildaagoulay
hilltoplive,hilltoplive
hiltonseattle,hiltonseattle
hnldriver,hnldriver
hodgman,hodgman
hofstrau,hofstrau
holmespi,holmespi
hornokplease,hornokplease
hoteltonight,hoteltonight
houseofbrew,houseofbrew
hoverbird,hoverbird
hrhutchi,hrhutchi
htpotter,htpotter
huffmanaustin,huffmanaustin
hutchmo,hutchmo
hyattmaui,hyattmaui
hyuninc,hyuninc
ialen,ialen
iamedia007,iamedia007
iamglennmiller,iamglennmiller
iamkhayyam,iamkhayyam
iancr,iancr
iancrocombe,iancrocombe
iboughtamac,iboughtamac
iceshan,iceshan
iconic88,iconic88
iconjane,iconjane
ienner,ienner
ilovegarick,ilovegarick
iluvmarthasvy,iluvmarthasvy
imabima,imabima
imdjddddave,imdjddddave
imercuryinfo,imercuryinfo
indybootcamps,indybootcamps
innab,innab
insperityjobs,insperityjobs
iphonegirl,iphonegirl
iprincemb,iprincemb
ironingyoutube,ironingyoutube
itsmejoolie,itsmejoolie
itwentviral,itwentviral
itylera,itylera
iywkeywest,iywkeywest
jacksonjey,jacksonjey
jacobdfriedman,jacobdfriedman
jakubptacin,jakubptacin
jaldous,jaldous
jameshuerta,jameshuerta
jamestrobo,jamestrobo
jamiehayesart,jamiehayesart
jasoncastellani,jasoncastellani
jasonfox_me,jasonfox_me
jasonkeath,jasonkeath
jasonmoriber,jasonmoriber
jasonyi924,jasonyi924
jayded_dreams,jayded_dreams
jazzyjade45,jazzyjade45
jcarillo,jcarillo
jcinis,jcinis
jeannemariepics,jeannemariepics
jeffcutler,jeffcutler
jeffinsell,jeffinsell
jeffrey3063,jeffrey3063
jenmitlas,jenmitlas
jer979,jer979
jeremiah,jeremiah
jerrylin,jerrylin
jess3,jess3
jessicanorthey,jessicanorthey
jhski,jhski
jillhanner,jillhanner
jimcaruso,jimcaruso
jimgrayonline,jimgrayonline
jimmystyle,jimmystyle
jimprosser,jimprosser
jkennedy93,jkennedy93
jlopez255,jlopez255
jniedfeldt,jniedfeldt
joannerighetti,joannerighetti
jobantum,jobantum
jodybossert,jodybossert
joe_bauer,joe_bauer
joeclucas,joeclucas
joekanakaraj,joekanakaraj
joelalvarado,joelalvarado
joelgascoigne,joelgascoigne
joemfbrown,joemfbrown
joemirabella,joemirabella
joeyhodges,joeyhodges
johncpacker,johncpacker
johnedetroit,johnedetroit
johngarcia,johngarcia
johnshopkins,johnshopkins
jonathanesmith,jonathanesmith
jon_peachey,jon_peachey
jonsherrell,jonsherrell
jordanlemon,jordanlemon
jordanmabe,jordanmabe
jorenerene,jorenerene
josephmorin,josephmorin
joshkersey,joshkersey
joshknowles,joshknowles
joshuagates,joshuagates
joshuaschwimmer,joshuaschwimmer
josselinmo,josselinmo
joycemsullivan,joycemsullivan
jpunishill,jpunishill
jrhunt,jrhunt
jruggiero,jruggiero
jspepper,jspepper
jsullivanj,jsullivanj
jtucker65,jtucker65
jtw90210,jtw90210
juanctirado,juanctirado
jubbabubba,jubbabubba
juiceroyal,juiceroyal
juliaroy,juliaroy
julieford808,julieford808
julierasmussen,julierasmussen
justicemitchell,justicemitchell
justjulie,justjulie
justushammond,justushammond
jwillie,jwillie
kahbang,kahbang
katebuckjr,katebuckjr
katespadeny,katespadeny
kathyhogeveen,kathyhogeveen
katieirv,katieirv
katrinaajohnson,katrinaajohnson
katyjack,katyjack
kayak,kayak
kayt_marie,kayt_marie
kazab,kazab
kcrw,kcrw
kebwilson,kebwilson
keefmoon,keefmoon
keewood,keewood
kegill,kegill
kellythul,kellythul
kenfucious,kenfucious
kentspeakman,kentspeakman
kevin_goldberg,kevin_goldberg
kevinmarks,kevinmarks
kevinrzuber,kevinrzuber
kevinurie,kevinurie
kg,kg
kikapimenta,kikapimenta
kimhollenshead,kimhollenshead
kinlane,kinlane
kipdurney,kipdurney
kipnisstudios,kipnisstudios
kk,kk
klauseck,klauseck
koelnformat,koelnformat
kosherfoodies,kosherfoodies
kprobbins,kprobbins
kristathomas,kristathomas
kristensavage,kristensavage
kristenskimom,kristenskimom
kristiewells,kristiewells
krochmal,krochmal
krynsky,krynsky
krystyl,krystyl
kuhn,kuhn
kurtclark,kurtclark
kw70,kw70
kylaapplegate,kylaapplegate
kylebunch,kylebunch
kyledeb,kyledeb
ladyniki_59,ladyniki_59
lalleclausen,lalleclausen
lanivoivod,lanivoivod
laughingsquid,laughingsquid
laurably,laurably
lauraknapp,lauraknapp
laurenapn,laurenapn
laurenashleys,laurenashleys
lauren_m_porter,lauren_m_porter
lawrenceyeah,lawrenceyeah
lazarusross,lazarusross
leadinghotels,leadinghotels
le_fino,le_fino
leolaporte,leolaporte
leotwit,leotwit
lesliempr,lesliempr
leyla_a,leyla_a
lfatzinger,lfatzinger
liamquinn71,liamquinn71
libbydoodle,libbydoodle
lifeinparadise,lifeinparadise
lifeisporno,lifeisporno
lilsmarsh,lilsmarsh
lilyshumleung,lilyshumleung
lindsaykap,lindsaykap
linthecity,linthecity
lisap,lisap
liscallelura,liscallelura
lisetterocco,lisetterocco
livedeified,livedeified
lizasperling,lizasperling
lmsagency,lmsagency
loriruff,loriruff
lotekjunky,lotekjunky
lsh,lsh
lucascookmusic,lucascookmusic
luciencoy,luciencoy
lucienengelen,lucienengelen
lukasjanousek,lukasjanousek
lukeaf,lukeaf
lukeslytalker,lukeslytalker
lukexmartin,lukexmartin
lululemon,lululemon
lyndalpn,lyndalpn
lynneluvah,lynneluvah
m0ndler,m0ndler
mager,mager
makeupartist524,makeupartist524
makmakdaddy,makmakdaddy
mameres,mameres
mandyschu,mandyschu
manhunt,manhunt
marco_demerling,marco_demerling
mariajesusv,mariajesusv
marieguerralyce,marieguerralyce
mariners,mariners
mariobatali,mariobatali
mariosundar,mariosundar
marketingm8,marketingm8
markfidelman,markfidelman
markriffey,markriffey
markwhiting,markwhiting
marshacollier,marshacollier
marthadear,marthadear
martiniolives,martiniolives
maryforrest,maryforrest
massander,massander
mat,mat
mattable,mattable
mattdanzico,mattdanzico
matthewjleblanc,matthewjleblanc
matthewtennant,matthewtennant
mattwromero,mattwromero
mayerreich,mayerreich
mayhemstudios,mayhemstudios
mcm180,mcm180
meganbrownrn,meganbrownrn
megan_calimbas,megan_calimbas
megbutton,megbutton
meghanpgill,meghanpgill
megraegrady,megraegrady
melgordon,melgordon
melissajwalker,melissajwalker
me_max,me_max
metmuseum,metmuseum
mg,mg
mgallops,mgallops
mh,mh
micah,micah
micek,micek
michaeldrico,michaeldrico
michaelrburcham,michaelrburcham
michelledozois,michelledozois
michelreverte,michelreverte
mikeoneilrocks,mikeoneilrocks
mikeschiemer,mikeschiemer
mikescollins,mikescollins
mikewesterberg,mikewesterberg
mikulsky,mikulsky
minderelly9,minderelly9
mindofandre,mindofandre
miranmaric,miranmaric
miriamtorrente,miriamtorrente
misspickles2,misspickles2
missria,missria
missrogue,missrogue
mjtski,mjtski
mktgnerd,mktgnerd
mktgnutz,mktgnutz
mls,mls
mollysbrawley,mollysbrawley
momx3deb,momx3deb
moniquemontague,moniquemontague
morethanawesome,morethanawesome
motosanricambi,motosanricambi
mr_adri,mr_adri
mrflip,mrflip
mr_joshhern,mr_joshhern
msh,msh
mslauraliu,mslauraliu
msmeshelle,msmeshelle
msteechur,msteechur
muralibala,muralibala
musiccitytaxi,musiccitytaxi
muzicluver28,muzicluver28
mwilliford,mwilliford
myphillyalive,myphillyalive
n4_bb,n4_bb
n8thesk8,n8thesk8
nananepo,nananepo
nancyorganizes,nancyorganizes
nashvillesymph,nashvillesymph
nathanhoy,nathanhoy
nationalpost,nationalpost
naveen,naveen
nbcphiladelphia,nbcphiladelphia
nbcthevoice,nbcthevoice
neonvacation,neonvacation
newyorkhabitat,newyorkhabitat
newyorkredbulls,newyorkredbulls
niamhhughes,niamhhughes
nickbilton,nickbilton
nickdawson,nickdawson
nick_rehm,nick_rehm
nickychips,nickychips
nickydigital,nickydigital
niketa,niketa
nik_nik,nik_nik
nilsgranger,nilsgranger
nitinkjain,nitinkjain
njdotcom,njdotcom
noelmcdermott,noelmcdermott
noh8campaign,noh8campaign
noraa,noraa
nosa_vos,nosa_vos
nugmag,nugmag
nw_music_scene,nw_music_scene
nyc_dot,nyc_dot
nycgo,nycgo
nycgov,nycgov
nycparks,nycparks
nycsidewalker,nycsidewalker
nydailynews,nydailynews
nynyvegas,nynyvegas
nyulocal,nyulocal
nzajicova,nzajicova
obamamerican48,obamamerican48
obrats,obrats
ohyeah_her,ohyeah_her
olitreadwell,olitreadwell
omaflinger,omaflinger
omgitzfern,omgitzfern
oneslyone,oneslyone
opajdara,opajdara
organovita,organovita
ortelius,ortelius
oscarthiers,oscarthiers
osum,osum
osyrn,osyrn
othar_lawrence,othar_lawrence
ourordinarylife,ourordinarylife
outdoordivas,outdoordivas
outmagazine,outmagazine
oxygen,oxygen
padres,padres
paediatrix,paediatrix
pahlkadot,pahlkadot
panda_austen,panda_austen
parrisharris,parrisharris
pascalkropf,pascalkropf
patrick,patrick
paulbarron,paulbarron
paulbz,paulbz
pauli_la,pauli_la
paul_steele,paul_steele
pbs,pbs
pcc,pcc
pcfromdc,pcfromdc
peli_,peli_
persiancowboy,persiancowboy
peterkim,peterkim
petersgreenberg,petersgreenberg
petershankman,petershankman
pgatour,pgatour
phidelt,phidelt
philaunion,philaunion
philgerb,philgerb
phillyfreedm,phillyfreedm
phillyncrowd,phillyncrowd
photomatt,photomatt
phvegas,phvegas
pineridgecondos,pineridgecondos
pistachio,pistachio
platoonfitness,platoonfitness
plawler,plawler
pnlamandre,pnlamandre
pnwnetworking,pnwnetworking
predsnhl,predsnhl
prhymerhymeboss,prhymerhymeboss
pricousins,pricousins
princeton,princeton
prsarahevans,prsarahevans
psychmesu,psychmesu
puccetto,puccetto
queenjaimi,queenjaimi
queennaudii,queennaudii
queenofspain,queenofspain
queensland,queensland
rachelrubes,rachelrubes
racheltbue,racheltbue
racingtales,racingtales
rafichou,rafichou
rahsheen,rahsheen
rangison,rangison
ravimongia,ravimongia
razabegg,razabegg
rcrdlbl,rcrdlbl
realizeu,realizeu
redbookmag,redbookmag
reinventingcole,reinventingcole
reneegannon,reneegannon
resplendentlyme,resplendentlyme
restorerguy,restorerguy
rich1,rich1
richardmachtel,richardmachtel
rickbakas,rickbakas
rickgriffin,rickgriffin
rickmurray,rickmurray
rickyrobinett,rickyrobinett
rickys_nyc,rickys_nyc
rigginsconst,rigginsconst
riles_c,riles_c
robbie_rob21,robbie_rob21
robertshp,robertshp
robknapton,robknapton
rockingcomedy,rockingcomedy
rocktique,rocktique
rohitbhargava,rohitbhargava
rondostar,rondostar
ron_ledford,ron_ledford
rothsteinjewlry,rothsteinjewlry
rowiro,rowiro
rpilney,rpilney
rtgiordano,rtgiordano
rtsnance,rtsnance
rubenorozco,rubenorozco
runwiki,runwiki
rushwan,rushwan
ryanchris,ryanchris
ryanintheus,ryanintheus
saadshake,saadshake
sabroyles,sabroyles
saintinc,saintinc
samproof,samproof
samshank,samshank
sandrafoyt,sandrafoyt
sarahbethrosa,sarahbethrosa
sarahchambers,sarahchambers
sarahdayowen,sarahdayowen
sargenaldo,sargenaldo
sariverwalkfun,sariverwalkfun
savageque,savageque
savvytweeter,savvytweeter
scanman,scanman
schachin,schachin
scionboo,scionboo
scobleizer,scobleizer
scootklein,scootklein
scottbarnes,scottbarnes
scottcb71,scottcb71
scottdreyfus,scottdreyfus
scottmonty,scottmonty
scottrasak,scottrasak
scottrsmithpr,scottrsmithpr
scrappy_face,scrappy_face
scwbkk,scwbkk
sdodson,sdodson
sea_happyhour,sea_happyhour
sears,sears
seasurgzevents,seasurgzevents
seattletimes,seattletimes
sethdreidelhill,sethdreidelhill
sfgiants,sfgiants
sfmoma,sfmoma
shahkaal,shahkaal
shaila,shaila
shanesafool,shanesafool
shannonkin,shannonkin
shaunacausey,shaunacausey
shawncarter03,shawncarter03
sherylshusband,sherylshusband
shopbrazos,shopbrazos
shpralex,shpralex
shrutigoradia,shrutigoradia
shuttlehugger,shuttlehugger
shwen,shwen
simonschuster,simonschuster
singing_poetry,singing_poetry
siravo,siravo
skiingmag,skiingmag
skillshare,skillshare
skymall,skymall
slangeditorial,slangeditorial
slkeene,slkeene
slowfoodnyc,slowfoodnyc
smcornelius,smcornelius
snwbdrhoon,snwbdrhoon
snyderwriter,snyderwriter
socialapp4u,socialapp4u
socialwicker,socialwicker
sonnyvu,sonnyvu
soundersfc,soundersfc
sparktacoma,sparktacoma
srinaldi,srinaldi
srrprr,srrprr
staciasellshome,staciasellshome
stacyknows,stacyknows
stales,stales
starpadilla,starpadilla
stayheated,stayheated
steelcitydiva,steelcitydiva
stephagresta,stephagresta
stephenpeeler,stephenpeeler
stephlauren,stephlauren
steveclyde,steveclyde
stevegarfield,stevegarfield
stevehall,stevehall
stevens1,stevens1
stevewoz,stevewoz
styledotcom,styledotcom
suckaplease,suckaplease
sunniesouthern,sunniesouthern
supercrosslive,supercrosslive
supermodelme,supermodelme
susie_parker,susie_parker
susimi,susimi
sutahonthebeach,sutahonthebeach
s_wash,s_wash
synergybydesign,synergybydesign
s_zangrilli,s_zangrilli
szeliu,szeliu
t0mmym3ad,t0mmym3ad
tacanderson,tacanderson
tacguy253,tacguy253
tanveer86,tanveer86
tarahfo,tarahfo
tarastiles,tarastiles
tarasuan,tarasuan
tayari,tayari
teach42,teach42
techbutthead,techbutthead
techfrog,techfrog
tedvalentin,tedvalentin
teenvogue,teenvogue
temptintaurean,temptintaurean
tennessean,tennessean
tessa,tessa
tessabarrera,tessabarrera
tfbraelyn,tfbraelyn
tgdietz,tgdietz
tgirvin,tgirvin
thachnguyen,thachnguyen
that_danielle,that_danielle
thatslydia,thatslydia
thaz7,thaz7
thebradical,thebradical
thebradking,thebradking
theconstruct,theconstruct
thedailymeal,thedailymeal
thedistillery,thedistillery
theecofoodie,theecofoodie
the_geb,the_geb
thegrio,thegrio
themacstore,themacstore
themaninthehat,themaninthehat
themiragelv,themiragelv
themorningfresh,themorningfresh
theoriginaleb,theoriginaleb
theory__,theory__
thepatmorgan,thepatmorgan
thepatreidy,thepatreidy
theplanetd,theplanetd
therobbie22,therobbie22
thevakko,thevakko
thewhyteninja,thewhyteninja
thisisbossi,thisisbossi
thomascrampton,thomascrampton
thomastowell,thomastowell
thony_50,thony_50
thurstonchamber,thurstonchamber
tiannacalcagno,tiannacalcagno
tiboutoo,tiboutoo
tikkers,tikkers
timbersfc,timbersfc
timcarrla,timcarrla
timdifford,timdifford
timfalls,timfalls
timlindley,timlindley
timmermansr,timmermansr
timoreilly,timoreilly
tinokuehnel,tinokuehnel
tobyd,tobyd
todd1hhd,todd1hhd
toddjolmstead,toddjolmstead
tomastokarcik,tomastokarcik
tom_nguyen_,tom_nguyen_
tony_at_2ntense,tony_at_2ntense
tonydasco,tonydasco
totalbottomjock,totalbottomjock
totallymorgan,totallymorgan
tracystewart17,tracystewart17
travelitalia,travelitalia
travelmagazine,travelmagazine
travisketchum,travisketchum
tristanwalker,tristanwalker
triviaad,triviaad
tsparnell,tsparnell
tulisabel,tulisabel
turian,turian
tydowning,tydowning
ualrssr,ualrssr
uconn,uconn
udovetter,udovetter
umg,umg
unacatalina,unacatalina
untappd,untappd
urbanhiker,urbanhiker
uw,uw
uwmadison,uwmadison
vabeloved,vabeloved
vagabndetroiter,vagabndetroiter
vegascom,vegascom
vegasvcard,vegasvcard
vertexfitness,vertexfitness
vfrandsen,vfrandsen
vh1,vh1
vikkivendetta,vikkivendetta
villanovau,villanovau
vincewilcox,vincewilcox
vintageandmoore,vintageandmoore
visitcedarhill,visitcedarhill
vitaminwater_ca,vitaminwater_ca
vivowang,vivowang
vmartinez8260,vmartinez8260
vnl,vnl
warrenss,warrenss
waynesutton,waynesutton
weddingpr,weddingpr
wedgelee,wedgelee
wef,wef
weirdcoupons,weirdcoupons
wendylpc,wendylpc
wendymonday,wendymonday
weslyons,weslyons
wezg,wezg
whistlerblckcmb,whistlerblckcmb
whitneymeers,whitneymeers
whitneymuseum,whitneymuseum
whitneysays,whitneysays
whizhouse,whizhouse
wil0520,wil0520
williambaobean,williambaobean
williambeutler,williambeutler
williammullin,williammullin
willy_wopper,willy_wopper
wilso208,wilso208
wingless92,wingless92
winkleman,winkleman
wintacoma,wintacoma
wmag,wmag
writetolive,writetolive
writingbymatt,writingbymatt
yama,yama
yanceyu,yanceyu
yoavlurie,yoavlurie
yodspica,yodspica
yonifreedhoff,yonifreedhoff
youngowen,youngowen
yubbie007,yubbie007
zachward,zachward
zephoria,zephoria
zipcar,zipcar