sariverwalkfun,sariverwalkfun,theoriginaleb
peterkim,peterkim,efl_guy
boundarybay,boundarybay,curlycomedy
jordanmabe,jordanmabe,ernestwilkins
tarahfo,tarahfo,thepatreidy
theoriginaleb,theoriginaleb,princeton
efl_guy,efl_guy,pcfromdc
curlycomedy,curlycomedy,joelgascoigne
ernestwilkins,ernestwilkins,nitinkjain
thepatreidy,thepatreidy,katespadeny
princeton,princeton,aabrahamsson
pcfromdc,pcfromdc,linthecity
joelgascoigne,joelgascoigne,omgitzfern
nitinkjain,nitinkjain,makmakdaddy
katespadeny,katespadeny,lukasjanousek
aabrahamsson,aabrahamsson,petersgreenberg
linthecity,linthecity,zephoria
omgitzfern,omgitzfern,indybootcamps
makmakdaddy,makmakdaddy,themiragelv
lukasjanousek,lukasjanousek,guentheralmaty
petersgreenberg,petersgreenberg,abc
zephoria,zephoria,chrisgtaylor
indybootcamps,indybootcamps,ewwellness
themiragelv,themiragelv,vnl
guentheralmaty,guentheralmaty,theconstruct
abc,abc,carribugbee
chrisgtaylor,chrisgtaylor,asu
ewwellness,ewwellness,prsarahevans
vnl,vnl,yubbie007
theconstruct,theconstruct,timdifford
carribugbee,carribugbee,whitneymuseum
asu,asu,amazingemerie
prsarahevans,prsarahevans,riles_c
yubbie007,yubbie007,emmarocks
timdifford,timdifford,shpralex
whitneymuseum,whitneymuseum,ourordinarylife
amazingemerie,amazingemerie,christinehitt
riles_c,riles_c,pistachio
emmarocks,emmarocks,andrewvest
shpralex,shpralex,ualrssr
ourordinarylife,ourordinarylife,bradleystylenyc
christinehitt,christinehitt,catgreggs
pistachio,pistachio,barbaccio
andrewvest,andrewvest,unacatalina
ualrssr,ualrssr,bydanielvictor
bradleystylenyc,bradleystylenyc,hawaiilife
catgreggs,catgreggs,livedeified
barbaccio,barbaccio,diamondmind50
unacatalina,unacatalina,iconjane
bydanielvictor,bydanielvictor,darqlabs
hawaiilife,hawaiilife,kazab
livedeified,livedeified,uconn
diamondmind50,diamondmind50,courtenaybird
iconjane,iconjane,keewood
darqlabs,darqlabs,mikeoneilrocks
kazab,kazab,nycgov
uconn,uconn,mgallops
courtenaybird,courtenaybird,gadling
keewood,keewood,jamiehayesart
mikeoneilrocks,mikeoneilrocks,gonzaloluengo
nycgov,nycgov,nbcphiladelphia
mgallops,mgallops,moniquemontague
gadling,gadling,restorerguy
jamiehayesart,jamiehayesart,robbie_rob21
gonzaloluengo,gonzaloluengo,timcarrla
nbcphiladelphia,nbcphiladelphia,vertexfitness
moniquemontague,moniquemontague,teach42
restorerguy,restorerguy,techbutthead
robbie_rob21,robbie_rob21,domthenick
timcarrla,timcarrla,jasonyi924
vertexfitness,vertexfitness,rafichou
teach42,teach42,energyintransit
techbutthead,techbutthead,dannybloomfield
domthenick,domthenick,jhski
jasonyi924,jasonyi924,lifeisporno
rafichou,rafichou,chupacaubrey
energyintransit,energyintransit,crocs
dannybloomfield,dannybloomfield,sonnyvu
jhski,jhski,ryanchris
lifeisporno,lifeisporno,sarahdayowen
chupacaubrey,chupacaubrey,musiccitytaxi
crocs,crocs,nickychips
sonnyvu,sonnyvu,bernardmoon
ryanchris,ryanchris,jspepper
sarahdayowen,sarahdayowen,yama
musiccitytaxi,musiccitytaxi,naveen
nickychips,nickychips,kcrw
bernardmoon,bernardmoon,mikulsky
jspepper,jspepper,gillianilvla
yama,yama,timfalls
naveen,naveen,healthylosergal
kcrw,kcrw,msmeshelle
mikulsky,mikulsky,njdotcom
gillianilvla,gillianilvla,jkennedy93
timfalls,timfalls,danmaccarone
healthylosergal,healthylosergal,luciencoy
msmeshelle,msmeshelle,thurstonchamber
njdotcom,njdotcom,scionboo
jkennedy93,jkennedy93,downtownnyc
danmaccarone,danmaccarone,ejmiranda
luciencoy,luciencoy,jorenerene
thurstonchamber,thurstonchamber,msh
scionboo,scionboo,princeton
downtownnyc,downtownnyc,thepatreidy
ejmiranda,ejmiranda,ernestwilkins
jorenerene,jorenerene,curlycomedy
msh,msh,efl_guy
