sandrafoyt,sandrafoyt,adamostrow
iamedia007,iamedia007,kimhollenshead
healthwarehouse,healthwarehouse,vikkivendetta
amykocur,amykocur,tikkers
schachin,schachin,rondostar
adamostrow,adamostrow,alyandajfanatic
kimhollenshead,kimhollenshead,vivowang
vikkivendetta,vikkivendetta,camplommer
tikkers,tikkers,tarasuan
rondostar,rondostar,tiboutoo
alyandajfanatic,alyandajfanatic,fremontchamber
vivowang,vivowang,marieguerralyce
camplommer,camplommer,gyrus
tarasuan,tarasuan,afpa1
tiboutoo,tiboutoo,crainschicago
fremontchamber,fremontchamber,iancrocombe
marieguerralyce,marieguerralyce,4sqlovestory
gyrus,gyrus,n8thesk8
afpa1,afpa1,edgarprado
crainschicago,crainschicago,_dom
iancrocombe,iancrocombe,britrock
4sqlovestory,4sqlovestory,tennessean
n8thesk8,n8thesk8,ironingyoutube
edgarprado,edgarprado,lazarusross
_dom,_dom,teenvogue
britrock,britrock,johnshopkins
tennessean,tennessean,rtsnance
ironingyoutube,ironingyoutube,panda_austen
lazarusross,lazarusross,lesliempr
teenvogue,teenvogue,holmespi
johnshopkins,johnshopkins,noelmcdermott
rtsnance,rtsnance,joemirabella
panda_austen,panda_austen,innab
lesliempr,lesliempr,mameres
holmespi,holmespi,mktgnerd
noelmcdermott,noelmcdermott,corbenic
joemirabella,joemirabella,alainarivas
innab,innab,marco_demerling
mameres,mameres,newyorkhabitat
mktgnerd,mktgnerd,mattwromero
corbenic,corbenic,justushammond
alainarivas,alainarivas,getnakees
marco_demerling,marco_demerling,rigginsconst
newyorkhabitat,newyorkhabitat,akaashsaini
mattwromero,mattwromero,ekivemark
justushammond,justushammond,thony_50
getnakees,getnakees,dtrliveworkplay
rigginsconst,rigginsconst,savageque
akaashsaini,akaashsaini,sfgiants
ekivemark,ekivemark,misspickles2
thony_50,thony_50,michaeldrico
dtrliveworkplay,dtrliveworkplay,markwhiting
savageque,savageque,kevinrzuber
sfgiants,sfgiants,embertime
misspickles2,misspickles2,freelilly
michaeldrico,michaeldrico,matthewtennant
markwhiting,markwhiting,olitreadwell
kevinrzuber,kevinrzuber,lyndalpn
embertime,embertime,joekanakaraj
freelilly,freelilly,griner
matthewtennant,matthewtennant,zachward
olitreadwell,olitreadwell,platoonfitness
lyndalpn,lyndalpn,gutterthegreat
joekanakaraj,joekanakaraj,ericdet314
griner,griner,itwentviral
zachward,zachward,elisia66
platoonfitness,platoonfitness,alphasigs
gutterthegreat,gutterthegreat,libbydoodle
ericdet314,ericdet314,anildash
itwentviral,itwentviral,tessa
elisia66,elisia66,siravo
alphasigs,alphasigs,theecofoodie
libbydoodle,libbydoodle,jimgrayonline
anildash,anildash,adriennenhester
tessa,tessa,nycgo
siravo,siravo,kegill
theecofoodie,theecofoodie,manhunt
jimgrayonline,jimgrayonline,dens
adriennenhester,adriennenhester,tanveer86
nycgo,nycgo,shrutigoradia
kegill,kegill,niamhhughes
manhunt,manhunt,mat
dens,dens,crossga
tanveer86,tanveer86,rocktique
shrutigoradia,shrutigoradia,jenmitlas
niamhhughes,niamhhughes,tinokuehnel
mat,mat,ash_nicholson
crossga,crossga,kprobbins
rocktique,rocktique,hasselbeck
jenmitlas,jenmitlas,jimprosser
tinokuehnel,tinokuehnel,nyc_dot
ash_nicholson,ash_nicholson,nosa_vos
kprobbins,kprobbins,anthonyshelley
hasselbeck,hasselbeck,christinekorda
jimprosser,jimprosser,richardmachtel
nyc_dot,nyc_dot,doubletreesea
nosa_vos,nosa_vos,jamestrobo
anthonyshelley,anthonyshelley,kipdurney
christinekorda,christinekorda,mls
richardmachtel,richardmachtel,mktgnutz
doubletreesea,doubletreesea,tedvalentin
jamestrobo,jamestrobo,betabay
kipdurney,kipdurney,krochmal
mls,mls,rcrdlbl
mktgnutz,mktgnutz,heymattkirsch
tedvalentin,tedvalentin,ialen
betabay,betabay,amy725
krochmal,krochmal,genepark
rcrdlbl,rcrdlbl,sparktacoma
heymattkirsch,heymattkirsch,opajdara
ialen,ialen,whitneysays
amy725,amy725,villanovau
genepark,genepark,hyattmaui
sparktacoma,sparktacoma,temptintaurean
opajdara,opajdara,annapizarro
whitneysays,whitneysays,antibride
villanovau,villanovau,rangison
hyattmaui,hyattmaui,steelcitydiva
temptintaurean,temptintaurean,wintacoma
annapizarro,annapizarro,dsmith124
antibride,antibride,nancyorganizes
rangison,rangison,whizhouse
steelcitydiva,steelcitydiva,jacobdfriedman
wintacoma,wintacoma,racheltbue
dsmith124,dsmith124,donniefranklin
nancyorganizes,nancyorganizes,hrhutchi
whizhouse,whizhouse,estarks02
jacobdfriedman,jacobdfriedman,tulisabel
racheltbue,racheltbue,datachick
donniefranklin,donniefranklin,nick_rehm
hrhutchi,hrhutchi,ambassadorbruny
estarks02,estarks02,jer979
tulisabel,tulisabel,brittanygreer5
datachick,datachick,krynsky
nick_rehm,nick_rehm,thebradical
ambassadorbruny,ambassadorbruny,lilyshumleung
jer979,jer979,mslauraliu
brittanygreer5,brittanygreer5,t0mmym3ad
krynsky,krynsky,saintinc
thebradical,thebradical,jeannemariepics
lilyshumleung,lilyshumleung,ctbartab
mslauraliu,mslauraliu,leotwit
t0mmym3ad,t0mmym3ad,imabima
saintinc,saintinc,helloitsliam
jeannemariepics,jeannemariepics,gdrosser
ctbartab,ctbartab,plawler
leotwit,leotwit,gknutson
imabima,imabima,thomascrampton
helloitsliam,helloitsliam,dukeu
gdrosser,gdrosser,socialapp4u
plawler,plawler,oscarthiers
gknutson,gknutson,padres
thomascrampton,thomascrampton,rickmurray
dukeu,dukeu,debra11
socialapp4u,socialapp4u,carlosmiranda
oscarthiers,oscarthiers,iamglennmiller
padres,padres,lifeinparadise
rickmurray,rickmurray,resplendentlyme
debra11,debra11,dggoes211
carlosmiranda,carlosmiranda,rushwan
iamglennmiller,iamglennmiller,alistdfw
lifeinparadise,lifeinparadise,justjulie
resplendentlyme,resplendentlyme,josephmorin
dggoes211,dggoes211,umg
rushwan,rushwan,megan_calimbas
alistdfw,alistdfw,nynyvegas
justjulie,justjulie,greggwsoucie
josephmorin,josephmorin,stayheated
umg,umg,danopaquette
megan_calimbas,megan_calimbas,obamamerican48
nynyvegas,nynyvegas,udovetter
greggwsoucie,greggwsoucie,timoreilly
stayheated,stayheated,wingless92
danopaquette,danopaquette,cmuiz
obamamerican48,obamamerican48,ccdoan
udovetter,udovetter,alie_webb
timoreilly,timoreilly,robknapton
wingless92,wingless92,razabegg
cmuiz,cmuiz,tgirvin
ccdoan,ccdoan,thachnguyen
alie_webb,alie_webb,massander
robknapton,robknapton,heatherrglass
razabegg,razabegg,jruggiero
tgirvin,tgirvin,laurably
thachnguyen,thachnguyen,kellythul
massander,massander,dwescott1
heatherrglass,heatherrglass,persiancowboy
jruggiero,jruggiero,adcunningham
laurably,laurably,abestanway
kellythul,kellythul,jessicanorthey
dwescott1,dwescott1,247modernmom
persiancowboy,persiancowboy,jrhunt
adcunningham,adcunningham,lucascookmusic
abestanway,abestanway,seasurgzevents
jessicanorthey,jessicanorthey,danceking
247modernmom,247modernmom,aaronlutze
jrhunt,jrhunt,benmcconnell
lucascookmusic,lucascookmusic,badbrad562
seasurgzevents,seasurgzevents,shanesafool
danceking,danceking,nationalpost
aaronlutze,aaronlutze,djacobs
benmcconnell,benmcconnell,osyrn
badbrad562,badbrad562,chaseclark
shanesafool,shanesafool,osum
nationalpost,nationalpost,shwen
djacobs,djacobs,hornokplease
osyrn,osyrn,marthadear
chaseclark,chaseclark,miranmaric
osum,osum,amezini
shwen,shwen,tfbraelyn
hornokplease,hornokplease,vagabndetroiter
marthadear,marthadear,micek
miranmaric,miranmaric,bbcworldservice
amezini,amezini,danrichardsjr
tfbraelyn,tfbraelyn,cc_chapman
vagabndetroiter,vagabndetroiter,andrewsmith1443
micek,micek,nilsgranger
bbcworldservice,bbcworldservice,tgdietz
danrichardsjr,danrichardsjr,scanman
cc_chapman,cc_chapman,nbcthevoice
andrewsmith1443,andrewsmith1443,rickgriffin
nilsgranger,nilsgranger,eranium
tgdietz,tgdietz,josselinmo
scanman,scanman,def1ant1
nbcthevoice,nbcthevoice,davewaite
rickgriffin,rickgriffin,outdoordivas
eranium,eranium,sarahchambers
josselinmo,josselinmo,ctcfit
def1ant1,def1ant1,paediatrix
davewaite,davewaite,that_danielle
outdoordivas,outdoordivas,skymall
sarahchambers,sarahchambers,stevehall
ctcfit,ctcfit,crainsnewyork
paediatrix,paediatrix,ashleylaurend
that_danielle,that_danielle,carissaanneb
skymall,skymall,leolaporte
stevehall,stevehall,niketa
crainsnewyork,crainsnewyork,forrestkoba
ashleylaurend,ashleylaurend,mjtski
carissaanneb,carissaanneb,concerts
leolaporte,leolaporte,melgordon
niketa,niketa,lisetterocco
forrestkoba,forrestkoba,jeffinsell
mjtski,mjtski,nik_nik
concerts,concerts,beourguestmike
melgordon,melgordon,elspethjane
lisetterocco,lisetterocco,rowiro
jeffinsell,jeffinsell,yanceyu
nik_nik,nik_nik,clayman
beourguestmike,beourguestmike,dmcdowell523
elspethjane,elspethjane,hilltoplive
rowiro,rowiro,lucienengelen
yanceyu,yanceyu,decanter
clayman,clayman,jayded_dreams
dmcdowell523,dmcdowell523,mr_joshhern
hilltoplive,hilltoplive,danny_fitton
lucienengelen,lucienengelen,phillyfreedm
decanter,decanter,beenishm23
jayded_dreams,jayded_dreams,joemfbrown
mr_joshhern,mr_joshhern,edkless
danny_fitton,danny_fitton,jtucker65
phillyfreedm,phillyfreedm,hofstrau
beenishm23,beenishm23,zipcar
joemfbrown,joemfbrown,staciasellshome
edkless,edkless,myphillyalive
jtucker65,jtucker65,srrprr
hofstrau,hofstrau,wil0520
zipcar,zipcar,davekerpen
staciasellshome,staciasellshome,dough
myphillyalive,myphillyalive,furiouscabbage
srrprr,srrprr,fritzism
wil0520,wil0520,bridgetzig
davekerpen,davekerpen,arifuchs
dough,dough,phillyncrowd
furiouscabbage,furiouscabbage,leadinghotels
fritzism,fritzism,2007_s2
bridgetzig,bridgetzig,copano
arifuchs,arifuchs,mattdanzico
phillyncrowd,phillyncrowd,joshuaschwimmer
leadinghotels,leadinghotels,alvarezjulian
2007_s2,2007_s2,kylebunch
copano,copano,vitaminwater_ca
mattdanzico,mattdanzico,annev6
joshuaschwimmer,joshuaschwimmer,iceshan
alvarezjulian,alvarezjulian,67mele
kylebunch,kylebunch,coryjim
vitaminwater_ca,vitaminwater_ca,heymemoirs
annev6,annev6,tobyd
iceshan,iceshan,simonschuster
67mele,67mele,pnwnetworking
coryjim,coryjim,bowsern
heymemoirs,heymemoirs,kosherfoodies
tobyd,tobyd,pbs
simonschuster,simonschuster,pineridgecondos
pnwnetworking,pnwnetworking,nickbilton
bowsern,bowsern,alanajoy
kosherfoodies,kosherfoodies,krystyl
pbs,pbs,gourmetlive
pineridgecondos,pineridgecondos,christophoclese
nickbilton,nickbilton,kyledeb
alanajoy,alanajoy,kahbang
krystyl,krystyl,mindofandre
gourmetlive,gourmetlive,meghanpgill
christophoclese,christophoclese,forechecker
kyledeb,kyledeb,itsmejoolie
kahbang,kahbang,micah
mindofandre,mindofandre,iywkeywest
meghanpgill,meghanpgill,fortunemagazine
forechecker,forechecker,dbmagazine
itsmejoolie,itsmejoolie,scootklein
micah,micah,ienner
iywkeywest,iywkeywest,tarastiles
fortunemagazine,fortunemagazine,jasonkeath
dbmagazine,dbmagazine,carefulkeeper
scootklein,scootklein,mrflip
ienner,ienner,kurtclark
tarastiles,tarastiles,mariajesusv
jasonkeath,jasonkeath,katebuckjr
carefulkeeper,carefulkeeper,atalexbooth
mrflip,mrflip,contentkim
kurtclark,kurtclark,liscallelura
mariajesusv,mariajesusv,jeremiah
katebuckjr,katebuckjr,ravimongia
atalexbooth,atalexbooth,sutahonthebeach
contentkim,contentkim,racingtales
liscallelura,liscallelura,arielcoro
jeremiah,jeremiah,shopbrazos
ravimongia,ravimongia,dedlam
sutahonthebeach,sutahonthebeach,thaz7
racingtales,racingtales,klauseck
arielcoro,arielcoro,scottmonty
shopbrazos,shopbrazos,ericwms
dedlam,dedlam,crmcmullen
thaz7,thaz7,abovethestatic
klauseck,klauseck,fimoculous
scottmonty,scottmonty,kinlane
ericwms,ericwms,nickydigital
crmcmullen,crmcmullen,vegasvcard
abovethestatic,abovethestatic,stephenpeeler
fimoculous,fimoculous,mandyschu
kinlane,kinlane,kristiewells
nickydigital,nickydigital,brokentreedist
vegasvcard,vegasvcard,ccuellar
stephenpeeler,stephenpeeler,adriftnz
mandyschu,mandyschu,heatherleson
kristiewells,kristiewells,vincewilcox
brokentreedist,brokentreedist,forgen
ccuellar,ccuellar,digitaltourbus
adriftnz,adriftnz,julierasmussen
heatherleson,heatherleson,msteechur
vincewilcox,vincewilcox,dmytrovoytko
forgen,forgen,cheflayla
digitaltourbus,digitaltourbus,heyrosetta
julierasmussen,julierasmussen,williambaobean
msteechur,msteechur,jillhanner
dmytrovoytko,dmytrovoytko,justicemitchell
cheflayla,cheflayla,emiliad
heyrosetta,heyrosetta,minderelly9
williambaobean,williambaobean,gabevidal
jillhanner,jillhanner,shawncarter03
justicemitchell,justicemitchell,savvytweeter
emiliad,emiliad,themaninthehat
minderelly9,minderelly9,antoniocdsmith
gabevidal,gabevidal,catahouligan
shawncarter03,shawncarter03,anniemal
savvytweeter,savvytweeter,alannyc
themaninthehat,themaninthehat,hearnebraska
antoniocdsmith,antoniocdsmith,bryanseq
catahouligan,catahouligan,dc_design_print
anniemal,anniemal,rothsteinjewlry
alannyc,alannyc,jasoncastellani
hearnebraska,hearnebraska,sears
bryanseq,bryanseq,mager
dc_design_print,dc_design_print,caseylynnmms
rothsteinjewlry,rothsteinjewlry,ilovegarick
jasoncastellani,jasoncastellani,armainiac
sears,sears,le_fino
mager,mager,stephlauren
caseylynnmms,caseylynnmms,gopconvention
ilovegarick,ilovegarick,jameshuerta
armainiac,armainiac,lululemon
le_fino,le_fino,philaunion
stephlauren,stephlauren,tracystewart17
gopconvention,gopconvention,bradyhahn
jameshuerta,jameshuerta,skillshare
lululemon,lululemon,sherylshusband
philaunion,philaunion,peli_
tracystewart17,tracystewart17,s_zangrilli
bradyhahn,bradyhahn,noh8campaign
skillshare,skillshare,hajjflemings
sherylshusband,sherylshusband,markfidelman
peli_,peli_,lmsagency
s_zangrilli,s_zangrilli,markriffey
noh8campaign,noh8campaign,petershankman
hajjflemings,hajjflemings,gayecrispin
markfidelman,markfidelman,kylaapplegate
lmsagency,lmsagency,aprilknunchucks
markriffey,markriffey,wilso208
petershankman,petershankman,kristensavage
gayecrispin,gayecrispin,dallasmuseumart
kylaapplegate,kylaapplegate,anda_jd
aprilknunchucks,aprilknunchucks,gingerbreadgal
wilso208,wilso208,vmartinez8260
kristensavage,kristensavage,bikerswelcomeus
dallasmuseumart,dallasmuseumart,kipnisstudios
anda_jd,anda_jd,brad_justus
gingerbreadgal,gingerbreadgal,susie_parker
vmartinez8260,vmartinez8260,imercuryinfo
bikerswelcomeus,bikerswelcomeus,iluvmarthasvy
kipnisstudios,kipnisstudios,supermodelme
brad_justus,brad_justus,michelreverte
susie_parker,susie_parker,nugmag
imercuryinfo,imercuryinfo,lotekjunky
iluvmarthasvy,iluvmarthasvy,mh
supermodelme,supermodelme,felix
michelreverte,michelreverte,austin360hot
nugmag,nugmag,ceonyc
lotekjunky,lotekjunky,jerrylin
mh,mh,nyulocal
felix,felix,mariosundar
austin360hot,austin360hot,brianhauer
ceonyc,ceonyc,joe_bauer
jerrylin,jerrylin,juliaroy
nyulocal,nyulocal,dhoov08004
mariosundar,mariosundar,beejer
brianhauer,brianhauer,chrisricca
joe_bauer,joe_bauer,dbfseattle
juliaroy,juliaroy,fearlessrecords
dhoov08004,dhoov08004,reinventingcole
beejer,beejer,bradcbarker
chrisricca,chrisricca,anytimefitness
dbfseattle,dbfseattle,joshknowles
fearlessrecords,fearlessrecords,jazzyjade45
reinventingcole,reinventingcole,tessabarrera
bradcbarker,bradcbarker,theplanetd
anytimefitness,anytimefitness,rickyrobinett
joshknowles,joshknowles,chicagoval
jazzyjade45,jazzyjade45,thebradking
tessabarrera,tessabarrera,sabroyles
theplanetd,theplanetd,juanctirado
rickyrobinett,rickyrobinett,seattletimes
chicagoval,chicagoval,nw_music_scene
thebradking,thebradking,albertwenger
sabroyles,sabroyles,jasonmoriber
juanctirado,juanctirado,therobbie22
seattletimes,seattletimes,johnedetroit
nw_music_scene,nw_music_scene,adriarichards
albertwenger,albertwenger,redbookmag
jasonmoriber,jasonmoriber,vabeloved
therobbie22,therobbie22,mikeschiemer
johnedetroit,johnedetroit,cherylrice
adriarichards,adriarichards,gregarious
redbookmag,redbookmag,kw70
vabeloved,vabeloved,houseofbrew
mikeschiemer,mikeschiemer,decept1k0n
cherylrice,cherylrice,allthingskate
gregarious,gregarious,travisketchum
kw70,kw70,tayari
houseofbrew,houseofbrew,beaulebens
decept1k0n,decept1k0n,alexgarcia
allthingskate,allthingskate,deaconbluue
travisketchum,travisketchum,glamsquadshop
tayari,tayari,burtonsnowboard
beaulebens,beaulebens,parrisharris
alexgarcia,alexgarcia,extratv
deaconbluue,deaconbluue,iprincemb
glamsquadshop,glamsquadshop,slowfoodnyc
burtonsnowboard,burtonsnowboard,damianodemonte
parrisharris,parrisharris,bharrier
extratv,extratv,benzado
iprincemb,iprincemb,queensland
slowfoodnyc,slowfoodnyc,gvaro
damianodemonte,damianodemonte,stephagresta
bharrier,bharrier,s_wash
benzado,benzado,scottrasak
queensland,queensland,totallymorgan
gvaro,gvaro,dusanmurco
stephagresta,stephagresta,kevinurie
s_wash,s_wash,alexissunshine
scottrasak,scottrasak,johngarcia
totallymorgan,totallymorgan,metmuseum
dusanmurco,dusanmurco,weslyons
kevinurie,kevinurie,laurenashleys
alexissunshine,alexissunshine,aeer69
johngarcia,johngarcia,ctbites
metmuseum,metmuseum,lisap
weslyons,weslyons,toddjolmstead
laurenashleys,laurenashleys,brunasororo
aeer69,aeer69,artocalypse
ctbites,ctbites,meganbrownrn
lisap,lisap,clatko
toddjolmstead,toddjolmstead,mikewesterberg
brunasororo,brunasororo,wendymonday
artocalypse,artocalypse,mariners
meganbrownrn,meganbrownrn,jcinis
clatko,clatko,kayak
mikewesterberg,mikewesterberg,jacksonjey
wendymonday,wendymonday,frdhutaz
mariners,mariners,digitalascent
jcinis,jcinis,iconic88
kayak,kayak,endovenoso
jacksonjey,jacksonjey,maryforrest
frdhutaz,frdhutaz,sea_happyhour
digitalascent,digitalascent,elliotj651
iconic88,iconic88,andrewphelps
endovenoso,endovenoso,sarahbethrosa
maryforrest,maryforrest,sargenaldo
sea_happyhour,sea_happyhour,jeffrey3063
elliotj651,elliotj651,psychmesu
andrewphelps,andrewphelps,weddingpr
sarahbethrosa,sarahbethrosa,amalucky
sargenaldo,sargenaldo,styledotcom
jeffrey3063,jeffrey3063,yonifreedhoff
psychmesu,psychmesu,lilsmarsh
weddingpr,weddingpr,neonvacation
amalucky,amalucky,delawarere
styledotcom,styledotcom,curtisraye
yonifreedhoff,yonifreedhoff,craftalliance
lilsmarsh,lilsmarsh,outmagazine
neonvacation,neonvacation,heidismilde
delawarere,delawarere,jaldous
curtisraye,curtisraye,lizasperling
craftalliance,craftalliance,wmag
outmagazine,outmagazine,nycparks
heidismilde,heidismilde,colinglenn
jaldous,jaldous,aroundphilly
lizasperling,lizasperling,melissajwalker
wmag,wmag,phidelt
nycparks,nycparks,makeupartist524
colinglenn,colinglenn,coachniquenya
aroundphilly,aroundphilly,laughingsquid
melissajwalker,melissajwalker,wezg
phidelt,phidelt,iboughtamac
makeupartist524,makeupartist524,phvegas
coachniquenya,coachniquenya,miriamtorrente
laughingsquid,laughingsquid,puccetto
wezg,wezg,antnys
iboughtamac,iboughtamac,drinkphilly
phvegas,phvegas,htpotter
miriamtorrente,miriamtorrente,g_lovesky
puccetto,puccetto,hc
antnys,antnys,tydowning
drinkphilly,drinkphilly,hodgman
htpotter,htpotter,rockingcomedy
g_lovesky,g_lovesky,bobbibillard
hc,hc,cntraveler
tydowning,tydowning,hiltonseattle
hodgman,hodgman,mg
rockingcomedy,rockingcomedy,kikapimenta
bobbibillard,bobbibillard,stevewoz
cntraveler,cntraveler,equinox
hiltonseattle,hiltonseattle,paulbarron
mg,mg,armano
kikapimenta,kikapimenta,gaetkoguy
stevewoz,stevewoz,calsclassic
equinox,equinox,nananepo
paulbarron,paulbarron,muzicluver28
armano,armano,gradylocklear
gaetkoguy,gaetkoguy,crashoverride_
calsclassic,calsclassic,n4_bb
nananepo,nananepo,steveclyde
muzicluver28,muzicluver28,theory__
gradylocklear,gradylocklear,stales
crashoverride_,crashoverride_,francischoe
n4_bb,n4_bb,whistlerblckcmb
steveclyde,steveclyde,charitys
theory__,theory__,ron_ledford
stales,stales,scottbarnes
francischoe,francischoe,slangeditorial
whistlerblckcmb,whistlerblckcmb,jpunishill
charitys,charitys,youngowen
ron_ledford,ron_ledford,synergybydesign
scottbarnes,scottbarnes,themorningfresh
slangeditorial,slangeditorial,matthewjleblanc
jpunishill,jpunishill,triviaad
youngowen,youngowen,shahkaal
synergybydesign,synergybydesign,rahsheen
themorningfresh,themorningfresh,szeliu
matthewjleblanc,matthewjleblanc,lfatzinger
triviaad,triviaad,amnesty
shahkaal,shahkaal,lalleclausen
rahsheen,rahsheen,eyemediadiva
szeliu,szeliu,joannerighetti
lfatzinger,lfatzinger,michelledozois
amnesty,amnesty,urbanhiker
lalleclausen,lalleclausen,williammullin
eyemediadiva,eyemediadiva,bethemedia
joannerighetti,joannerighetti,kentspeakman
michelledozois,michelledozois,ajturner
urbanhiker,urbanhiker,othar_lawrence
williammullin,williammullin,everywheretrip
bethemedia,bethemedia,travelmagazine
kentspeakman,kentspeakman,wendylpc
ajturner,ajturner,thedailymeal
othar_lawrence,othar_lawrence,kuhn
everywheretrip,everywheretrip,debramacki
travelmagazine,travelmagazine,cincicouponbook
wendylpc,wendylpc,patrick
thedailymeal,thedailymeal,pahlkadot
kuhn,kuhn,fosterthinking
debramacki,debramacki,wef
cincicouponbook,cincicouponbook,andreahong
patrick,patrick,queennaudii
pahlkadot,pahlkadot,daveotten9304
fosterthinking,fosterthinking,gecareers
wef,wef,shannonkin
andreahong,andreahong,m0ndler
queennaudii,queennaudii,samproof
daveotten9304,daveotten9304,johncpacker
gecareers,gecareers,timmermansr
shannonkin,shannonkin,tomastokarcik
m0ndler,m0ndler,scottcb71
samproof,samproof,tony_at_2ntense
johncpacker,johncpacker,heyitsliam
timmermansr,timmermansr,angelaecarder
tomastokarcik,tomastokarcik,dkr
scottcb71,scottcb71,jonsherrell
tony_at_2ntense,tony_at_2ntense,thomastowell
heyitsliam,heyitsliam,alexjamesfitz
angelaecarder,angelaecarder,brett
dkr,dkr,scrappy_face
jonsherrell,jonsherrell,insperityjobs
thomastowell,thomastowell,foodem
alexjamesfitz,alexjamesfitz,jobantum
brett,brett,yoavlurie
scrappy_face,scrappy_face,tacguy253
insperityjobs,insperityjobs,jimcaruso
foodem,foodem,calevans
jobantum,jobantum,dvinmsm
yoavlurie,yoavlurie,whitneymeers
tacguy253,tacguy253,susimi
jimcaruso,jimcaruso,dallasdirtcandy
calevans,calevans,4sqaddictinfo
dvinmsm,dvinmsm,uw
whitneymeers,whitneymeers,cathbot
susimi,susimi,corybooker
dallasdirtcandy,dallasdirtcandy,iancr
4sqaddictinfo,4sqaddictinfo,iphonegirl
uw,uw,caitplusate
cathbot,cathbot,sethdreidelhill
corybooker,corybooker,iamkhayyam
iancr,iancr,froggyfitz
iphonegirl,iphonegirl,shaunacausey
caitplusate,caitplusate,pnlamandre
sethdreidelhill,sethdreidelhill,untappd
iamkhayyam,iamkhayyam,stevens1
froggyfitz,froggyfitz,waynesutton
shaunacausey,shaunacausey,ghbrett
pnlamandre,pnlamandre,c_banman
untappd,untappd,thevakko
stevens1,stevens1,juiceroyal
waynesutton,waynesutton,snyderwriter
ghbrett,ghbrett,kk
c_banman,c_banman,dbkguy
thevakko,thevakko,supercrosslive
juiceroyal,juiceroyal,1oomiles
snyderwriter,snyderwriter,mikescollins
kk,kk,cocomoco
dbkguy,dbkguy,stevegarfield
supercrosslive,supercrosslive,greglee
1oomiles,1oomiles,me_max
mikescollins,mikescollins,pascalkropf
cocomoco,cocomoco,thewhyteninja
stevegarfield,stevegarfield,koelnformat
greglee,greglee,brady
me_max,me_max,mayhemstudios
pascalkropf,pascalkropf,bigboi
thewhyteninja,thewhyteninja,lukeslytalker
koelnformat,koelnformat,kenfucious
brady,brady,todd1hhd
mayhemstudios,mayhemstudios,stacyknows
bigboi,bigboi,brandlippincott
lukeslytalker,lukeslytalker,gkasica
kenfucious,kenfucious,angelawoody
todd1hhd,todd1hhd,rickys_nyc
stacyknows,stacyknows,jubbabubba
brandlippincott,brandlippincott,wedgelee
gkasica,gkasica,kebwilson
angelawoody,angelawoody,nathanhoy
rickys_nyc,rickys_nyc,laurenapn
jubbabubba,jubbabubba,megraegrady
wedgelee,wedgelee,nydailynews
kebwilson,kebwilson,bethferreira
nathanhoy,nathanhoy,bremmel
laurenapn,laurenapn,queenjaimi
megraegrady,megraegrady,katieirv
nydailynews,nydailynews,nycsidewalker
bethferreira,bethferreira,mwilliford
bremmel,bremmel,campcreekfarm
queenjaimi,queenjaimi,newyorkredbulls
katieirv,katieirv,paul_steele
nycsidewalker,nycsidewalker,morethanawesome
mwilliford,mwilliford,ckundo
campcreekfarm,campcreekfarm,thepatmorgan
newyorkredbulls,newyorkredbulls,djidlemind
paul_steele,paul_steele,joelalvarado
morethanawesome,morethanawesome,cyndi_r82
ckundo,ckundo,lsh
thepatmorgan,thepatmorgan,chrisirmo
djidlemind,djidlemind,hawaii
joelalvarado,joelalvarado,jon_peachey
cyndi_r82,cyndi_r82,damonjohnsonvc
lsh,lsh,jeffcutler
chrisirmo,chrisirmo,scobleizer
hawaii,hawaii,srinaldi
jon_peachey,jon_peachey,mr_adri
damonjohnsonvc,damonjohnsonvc,forcemm
jeffcutler,jeffcutler,shuttlehugger
scobleizer,scobleizer,jordanlemon
srinaldi,srinaldi,carolinamillan
mr_adri,mr_adri,jwillie
forcemm,forcemm,totalbottomjock
shuttlehugger,shuttlehugger,joeyhodges
jordanlemon,jordanlemon,omaflinger
carolinamillan,carolinamillan,evolutionfresh
jwillie,jwillie,academik
totalbottomjock,totalbottomjock,mariobatali
joeyhodges,joeyhodges,martiniolives
omaflinger,omaflinger,giovanni
evolutionfresh,evolutionfresh,danielpatrick
academik,academik,rohitbhargava
mariobatali,mariobatali,hutchmo
martiniolives,martiniolives,lauren_m_porter
giovanni,giovanni,andykaufman
danielpatrick,danielpatrick,boltron
rohitbhargava,rohitbhargava,aliciadoeshair
hutchmo,hutchmo,scottdreyfus
lauren_m_porter,lauren_m_porter,joycemsullivan
andykaufman,andykaufman,bahjournalist
boltron,boltron,jakubptacin
aliciadoeshair,aliciadoeshair,fromthebronx
scottdreyfus,scottdreyfus,carlm3
joycemsullivan,joycemsullivan,hyuninc
bahjournalist,bahjournalist,nickdawson
jakubptacin,jakubptacin,bytemarks
fromthebronx,fromthebronx,hayitsalexis
carlm3,carlm3,glorialloyd
hyuninc,hyuninc,carriekerpen
nickdawson,nickdawson,reneegannon
bytemarks,bytemarks,nzajicova
hayitsalexis,hayitsalexis,paulbz
glorialloyd,glorialloyd,jniedfeldt
carriekerpen,carriekerpen,sfmoma
reneegannon,reneegannon,mcm180
nzajicova,nzajicova,binowski
paulbz,paulbz,ortelius
jniedfeldt,jniedfeldt,brunobyington
sfmoma,sfmoma,dberkowitz
mcm180,mcm180,brendankeegan
binowski,binowski,motosanricambi
ortelius,ortelius,joshkersey
brunobyington,brunobyington,uwmadison
dberkowitz,dberkowitz,ambde
brendankeegan,brendankeegan,april_in_wa
motosanricambi,motosanricambi,saadshake
joshkersey,joshkersey,desireevallez
uwmadison,uwmadison,elizabethglau
ambde,ambde,smcornelius
april_in_wa,april_in_wa,garyvee
saadshake,saadshake,thisisbossi
desireevallez,desireevallez,missrogue
elizabethglau,elizabethglau,michaelrburcham
smcornelius,smcornelius,leyla_a
garyvee,garyvee,kevin_goldberg
thisisbossi,thisisbossi,predsnhl
missrogue,missrogue,dcunited
michaelrburcham,michaelrburcham,lauraknapp
leyla_a,leyla_a,kg
kevin_goldberg,kevin_goldberg,felix_molina
predsnhl,predsnhl,mayerreich
dcunited,dcunited,lynneluvah
lauraknapp,lauraknapp,tonydasco
kg,kg,tacanderson
felix_molina,felix_molina,kevinmarks
mayerreich,mayerreich,mollysbrawley
lynneluvah,lynneluvah,muralibala
tonydasco,tonydasco,brandonbrown
tacanderson,tacanderson,carlosrizo
kevinmarks,kevinmarks,czsupplements
mollysbrawley,mollysbrawley,prhymerhymeboss
muralibala,muralibala,samshank
brandonbrown,brandonbrown,rickbakas
carlosrizo,carlosrizo,noraa
czsupplements,czsupplements,deskoneer
prhymerhymeboss,prhymerhymeboss,frankneill
samshank,samshank,philgerb
rickbakas,rickbakas,jcarillo
noraa,noraa,ccarella
deskoneer,deskoneer,briancrouch
frankneill,frankneill,godutchmobile
philgerb,philgerb,oneslyone
jcarillo,jcarillo,megbutton
ccarella,ccarella,snwbdrhoon
briancrouch,briancrouch,liamquinn71
godutchmobile,godutchmobile,hoverbird
oneslyone,oneslyone,obrats
megbutton,megbutton,itylera
snwbdrhoon,snwbdrhoon,allimooney
liamquinn71,liamquinn71,lukexmartin
hoverbird,hoverbird,rich1
obrats,obrats,katyjack
itylera,itylera,curlyjazz
allimooney,allimooney,loriruff
lukexmartin,lukexmartin,kathyhogeveen
rich1,rich1,starpadilla
katyjack,katyjack,coachforyou
curlyjazz,curlyjazz,warrenss
loriruff,loriruff,tsparnell
kathyhogeveen,kathyhogeveen,ehabalibakhreba
starpadilla,starpadilla,breko
coachforyou,coachforyou,hambysandiego
warrenss,warrenss,vfrandsen
tsparnell,tsparnell,pricousins
ehabalibakhreba,ehabalibakhreba,calebelston
breko,breko,lawrenceyeah
hambysandiego,hambysandiego,realizeu
vfrandsen,vfrandsen,runwiki
pricousins,pricousins,missria
calebelston,calebelston,timlindley
lawrenceyeah,lawrenceyeah,nashvillesymph
realizeu,realizeu,danielbru
runwiki,runwiki,discoverla
missria,missria,davidnam
timlindley,timlindley,soundersfc
nashvillesymph,nashvillesymph,joeclucas
danielbru,danielbru,willy_wopper
discoverla,discoverla,shaila
davidnam,davidnam,dermdoc
soundersfc,soundersfc,thatslydia
joeclucas,joeclucas,organovita
willy_wopper,willy_wopper,ladyniki_59
shaila,shaila,pcc
dermdoc,dermdoc,frizziface
thatslydia,thatslydia,thegrio
organovita,organovita,darrelwf
ladyniki_59,ladyniki_59,graisinbrand
pcc,pcc,pauli_la
frizziface,frizziface,techfrog
thegrio,thegrio,jimmystyle
darrelwf,darrelwf,jodybossert
graisinbrand,graisinbrand,chrisolave
pauli_la,pauli_la,caseydaigle
techfrog,techfrog,bsnyderii
jimmystyle,jimmystyle,cnet
jodybossert,jodybossert,keefmoon
chrisolave,chrisolave,skiingmag
caseydaigle,caseydaigle,beh_zod
bsnyderii,bsnyderii,dewimailelim
cnet,cnet,tiannacalcagno
keefmoon,keefmoon,ohyeah_her
skiingmag,skiingmag,djsweeps
beh_zod,beh_zod,cigarcurator
dewimailelim,dewimailelim,alyandajfanatic
tiannacalcagno,tiannacalcagno,rondostar
ohyeah_her,ohyeah_her,tikkers
djsweeps,djsweeps,vikkivendetta
cigarcurator,cigarcurator,kimhollenshead
