jtw90210,jtw90210,arnoldvsabben
davemorin,davemorin,rachelrubes
winkleman,winkleman,brandontnelson
djmyk702,djmyk702,photomatt
kristathomas,kristathomas,bravo
arnoldvsabben,arnoldvsabben,cespo916
rachelrubes,rachelrubes,electronicdward
brandontnelson,brandontnelson,weirdcoupons
photomatt,photomatt,imdjddddave
bravotv,bravo,oxygen
cespo916,cespo916,huffmanaustin
electronicdward,electronicdward,vintageandmoore
weirdcoupons,weirdcoupons,benjaminmejias
imdjddddave,imdjddddave,marshacollier
oxygen,oxygen,marketingm8
huffmanaustin,huffmanaustin,baratunde
vintageandmoore,vintageandmoore,davedelaney
benjaminmejias,benjaminmejias,tristanwalker
marshacollier,marshacollier,bigkarma
marketingm8,marketingm8,colorado
baratunde,baratunde,deweydon
davedelaney,davedelaney,halfbrown
tristanwalker,tristanwalker,hnldriver
bigkarma,bigkarma,yodspica
colorado,colorado,jsullivanj
deweydon,deweydon,davidsandusky
halfbrown,halfbrown,bk2gther
hnldriver,hnldriver,thedistillery
yodspica,yodspica,scwbkk
jsullivanj,jsullivanj,ahauptman
davidsandusky,davidsandusky,singing_poetry
bk2gther,bk2gther,annabridget
thedistillery,thedistillery,jess3
scwbkk,scwbkk,4sqatl
ahauptman,ahauptman,continuants
singing_poetry,singing_poetry,the_geb
annabridget,annabridget,dannylondon
jess3,jess3,aussiebum
4sqatl,4sqatl,countcory
continuants,continuants,baranek
the_geb,the_geb,sdodson
dannylondon,dannylondon,themacstore
aussiebum,aussiebum,jasonfox_me
countcory,countcory,queenofspain
baranek,baranek,graciesoriano
sdodson,sdodson,giantsbook
themacstore,themacstore,hildaagoulay
jasonfox_me,jasonfox_me,bikforcancer
queenofspain,queenofspain,rtgiordano
graciesoriano,graciesoriano,sunniesouthern
giantsbook,giantsbook,dbearhunley
hildaagoulay,hildaagoulay,vegascom
bikforcancer,bikforcancer,hoteltonight
rtgiordano,rtgiordano,rpilney
sunniesouthern,sunniesouthern,lukeaf
dbearhunley,dbearhunley,1027kiisfm
vegascom,vegascom,robertshp
hoteltonight,hoteltonight,ethoz1970
rpilney,rpilney,writetolive
lukeaf,lukeaf,suckaplease
1027kiisfm,1027kiisfm,camillens
robertshp,robertshp,aaronaccetta
ethoz1970,ethoz1970,goldmalish
writetolive,writetolive,joshuagates
suckaplease,suckaplease,jonathanesmith
camillens,camillens,gigi_peterkin
aaronaccetta,aaronaccetta,timbersfc
goldmalish,goldmalish,ryanintheus
joshuagates,joshuagates,kristenskimom
jonathanesmith,jonathanesmith,williambeutler
gigi_peterkin,gigi_peterkin,djsleeper
timbersfc,timbersfc,chelsa
ryanintheus,ryanintheus,jlopez255
kristenskimom,kristenskimom,amyacenolan
williambeutler,williambeutler,pgatour
djsleeper,djsleeper,agentjirius
chelsa,chelsa,travelitalia
jlopez255,jlopez255,afridaythoughts
amyacenolan,amyacenolan,agoldfisher
pgatour,pgatour,momx3deb
agentjirius,agentjirius,claudioenriquea
travelitalia,travelitalia,kayt_marie
afridaythoughts,afridaythoughts,vh1
agoldfisher,agoldfisher,mattable
momx3deb,momx3deb,carlsorvino
claudioenriquea,claudioenriquea,writingbymatt
kayt_marie,kayt_marie,tom_nguyen_
vh1,vh1,bpmilne
mattable,mattable,scottrsmithpr
carlsorvino,carlsorvino,lanivoivod
writingbymatt,writingbymatt,visitcedarhill
tom_nguyen_,tom_nguyen_,dales777
bpmilne,bpmilne,davidpessah
scottrsmithpr,scottrsmithpr,lindsaykap
lanivoivod,lanivoivod,socialwicker
visitcedarhill,visitcedarhill,julieford808
dales777,dales777,carlablumenthal
davidpessah,davidpessah,rubenorozco
lindsaykap,lindsaykap,turian
socialwicker,socialwicker,katrinaajohnson
julieford808,julieford808,slkeene
carlablumenthal,carlablumenthal,42at42
rubenorozco,rubenorozco,cespo916
turian,turian,bravo
katrinaajohnson,katrinaajohnson,photomatt
slkeene,slkeene,brandontnelson
42at42,42at42,rachelrubes
