tayari,scottcb71,tayari
4sqaddictinfo,nzajicova,4sqaddictinfo
waynesutton,waynesutton,alvarezjulian
sparktacoma,hawaii,sparktacoma
iamglennmiller,urbanhiker,iamglennmiller
scottcb71,scottcb71,timfalls
nzajicova,nzajicova,pbs
alvarezjulian,njdotcom,alvarezjulian
hawaii,hawaii,racheltbue
urbanhiker,thomascrampton,urbanhiker
timfalls,timfalls,tom_nguyen_
pbs,andreahong,pbs
njdotcom,njdotcom,bethferreira
racheltbue,allthingskate,racheltbue
thomascrampton,misspickles2,thomascrampton
tom_nguyen_,pahlkadot,tom_nguyen_
andreahong,marshacollier,andreahong
bethferreira,ash_nicholson,bethferreira
allthingskate,allthingskate,triviaad
misspickles2,justicemitchell,misspickles2
pahlkadot,pahlkadot,prhymerhymeboss
marshacollier,tomastokarcik,marshacollier
ash_nicholson,carissaanneb,ash_nicholson
triviaad,abc,triviaad
justicemitchell,michelledozois,justicemitchell
prhymerhymeboss,prhymerhymeboss,jasonkeath
tomastokarcik,tomastokarcik,maryforrest
carissaanneb,carissaanneb,slkeene
abc,abc,wmag
michelledozois,michelledozois,amy725
jasonkeath,aaronaccetta,jasonkeath
maryforrest,maryforrest,dbfseattle
slkeene,steelcitydiva,slkeene
wmag,glorialloyd,wmag
amy725,amy725,tarahfo
aaronaccetta,aaronaccetta,robbie_rob21
dbfseattle,dbfseattle,pauli_la
steelcitydiva,thedailymeal,steelcitydiva
glorialloyd,glorialloyd,zachward
tarahfo,tarahfo,brad_justus
robbie_rob21,riles_c,robbie_rob21
pauli_la,lisap,pauli_la
thedailymeal,ambassadorbruny,thedailymeal
zachward,zachward,tennessean
brad_justus,curlyjazz,brad_justus
riles_c,wilso208,riles_c
lisap,thatslydia,lisap
ambassadorbruny,ambassadorbruny,hornokplease
tennessean,tennessean,sunniesouthern
curlyjazz,shanesafool,curlyjazz
wilso208,damianodemonte,wilso208
thatslydia,jcinis,thatslydia
hornokplease,hornokplease,tarasuan
sunniesouthern,sunniesouthern,asu
shanesafool,indybootcamps,shanesafool
damianodemonte,britrock,damianodemonte
jcinis,jcinis,mslauraliu
tarasuan,tarasuan,timdifford
asu,asu,iphonegirl
indybootcamps,indybootcamps,sarahchambers
britrock,britrock,thurstonchamber
mslauraliu,stephlauren,mslauraliu
timdifford,nickychips,timdifford
iphonegirl,iphonegirl,newyorkredbulls
sarahchambers,sarahchambers,rtgiordano
thurstonchamber,youngowen,thurstonchamber
stephlauren,stephlauren,corbenic
nickychips,jeremiah,nickychips
newyorkredbulls,reneegannon,newyorkredbulls
rtgiordano,rtgiordano,caitplusate
youngowen,ewwellness,youngowen
corbenic,corbenic,jaldous
jeremiah,vh1,jeremiah
reneegannon,laurably,reneegannon
caitplusate,caitplusate,fremontchamber
ewwellness,ewwellness,fritzism
jaldous,timoreilly,jaldous
vh1,vh1,writetolive
laurably,laurably,myphillyalive
fremontchamber,fremontchamber,cnet
fritzism,dvinmsm,fritzism
timoreilly,timoreilly,missria
writetolive,writetolive,ccarella
myphillyalive,itylera,myphillyalive
cnet,itsmejoolie,cnet
dvinmsm,camillens,dvinmsm
missria,temptintaurean,missria
ccarella,t0mmym3ad,ccarella
itylera,itylera,rothsteinjewlry
itsmejoolie,tiannacalcagno,itsmejoolie
camillens,abestanway,camillens
temptintaurean,lucascookmusic,temptintaurean
t0mmym3ad,joeclucas,t0mmym3ad
rothsteinjewlry,ckundo,rothsteinjewlry
tiannacalcagno,tiannacalcagno,olitreadwell
abestanway,predsnhl,abestanway
lucascookmusic,halfbrown,lucascookmusic
joeclucas,joeclucas,mager
ckundo,ckundo,queennaudii
olitreadwell,olitreadwell,amyacenolan
predsnhl,predsnhl,equinox
halfbrown,halfbrown,lauren_m_porter
mager,timfalls,mager
queennaudii,urbanhiker,queennaudii
amyacenolan,hawaii,amyacenolan
equinox,equinox,alvarezjulian
lauren_m_porter,nzajicova,lauren_m_porter
