outdoordivas,calsclassic,outdoordivas
shwen,copano,shwen
iconic88,cespo916,iconic88
holmespi,holmespi,tulisabel
gyrus,gyrus,greglee
calsclassic,calsclassic,sandrafoyt
copano,getnakees,copano
cespo916,bydanielvictor,cespo916
tulisabel,jhski,tulisabel
greglee,hyuninc,greglee
sandrafoyt,sandrafoyt,kyledeb
getnakees,getnakees,winkleman
bydanielvictor,bydanielvictor,tacanderson
jhski,johngarcia,jhski
hyuninc,noelmcdermott,hyuninc
kyledeb,kyledeb,adcunningham
winkleman,tony_at_2ntense,winkleman
tacanderson,tacanderson,chupacaubrey
johngarcia,johngarcia,bpmilne
noelmcdermott,noelmcdermott,ohyeah_her
adcunningham,adcunningham,jorenerene
tony_at_2ntense,amazingemerie,tony_at_2ntense
chupacaubrey,juliaroy,chupacaubrey
bpmilne,houseofbrew,bpmilne
ohyeah_her,ohyeah_her,debra11
jorenerene,hodgman,jorenerene
amazingemerie,tracystewart17,amazingemerie
juliaroy,joelalvarado,juliaroy
houseofbrew,felix,houseofbrew
debra11,debra11,academik
hodgman,michaelrburcham,hodgman
tracystewart17,scrappy_face,tracystewart17
joelalvarado,joelalvarado,arifuchs
felix,felix,katyjack
academik,joannerighetti,academik
michaelrburcham,michaelrburcham,rushwan
scrappy_face,scrappy_face,jimmystyle
arifuchs,luciencoy,arifuchs
katyjack,katyjack,nugmag
joannerighetti,joannerighetti,fortunemagazine
rushwan,rushwan,carriekerpen
jimmystyle,staciasellshome,jimmystyle
luciencoy,luciencoy,vagabndetroiter
nugmag,nugmag,iamkhayyam
fortunemagazine,iancr,fortunemagazine
carriekerpen,shopbrazos,carriekerpen
staciasellshome,staciasellshome,leadinghotels
vagabndetroiter,kcrw,vagabndetroiter
iamkhayyam,iamkhayyam,wintacoma
iancr,iancr,rickys_nyc
shopbrazos,crashoverride_,shopbrazos
leadinghotels,mariajesusv,leadinghotels
kcrw,kcrw,joshknowles
wintacoma,wintacoma,queensland
rickys_nyc,rickys_nyc,giantsbook
crashoverride_,hildaagoulay,crashoverride_
mariajesusv,fimoculous,mariajesusv
joshknowles,nycgo,joshknowles
queensland,ualrssr,queensland
giantsbook,giantsbook,kevinmarks
hildaagoulay,burtonsnowboard,hildaagoulay
fimoculous,fimoculous,thomastowell
nycgo,nycgo,dcunited
ualrssr,hilltoplive,ualrssr
kevinmarks,kevinmarks,rpilney
burtonsnowboard,bryanseq,burtonsnowboard
thomastowell,thomastowell,froggyfitz
dcunited,dcunited,melissajwalker
hilltoplive,hilltoplive,prsarahevans
rpilney,rpilney,sargenaldo
bryanseq,bryanseq,missrogue
froggyfitz,froggyfitz,bikerswelcomeus
melissajwalker,beejer,melissajwalker
prsarahevans,damonjohnsonvc,prsarahevans
sargenaldo,sargenaldo,timlindley
missrogue,suckaplease,missrogue
bikerswelcomeus,bikerswelcomeus,nbcphiladelphia
beejer,dukeu,beejer
damonjohnsonvc,damonjohnsonvc,sonnyvu
timlindley,timlindley,guentheralmaty
suckaplease,stevehall,suckaplease
nbcphiladelphia,marthadear,nbcphiladelphia
dukeu,dukeu,vitaminwater_ca
sonnyvu,corybooker,sonnyvu
guentheralmaty,davedelaney,guentheralmaty
stevehall,pascalkropf,stevehall
marthadear,brandontnelson,marthadear
vitaminwater_ca,rtsnance,vitaminwater_ca
corybooker,corybooker,austin360hot
davedelaney,allimooney,davedelaney
pascalkropf,pascalkropf,nycsidewalker
brandontnelson,brandontnelson,42at42
rtsnance,runwiki,rtsnance
austin360hot,vintageandmoore,austin360hot
allimooney,newyorkhabitat,allimooney
nycsidewalker,jordanlemon,nycsidewalker
42at42,jcarillo,42at42
runwiki,jillhanner,runwiki
vintageandmoore,vintageandmoore,countcory
newyorkhabitat,thedistillery,newyorkhabitat
jordanlemon,srrprr,jordanlemon
jcarillo,nickbilton,jcarillo
jillhanner,sandrafoyt,jillhanner
countcory,greglee,countcory
thedistillery,tulisabel,thedistillery
srrprr,cespo916,srrprr
nickbilton,copano,nickbilton
