therobbie22,jniedfeldt,therobbie22
carlosrizo,crmcmullen,carlosrizo
robertshp,robertshp,wendylpc
manhunt,josephmorin,manhunt
scanman,neonvacation,scanman
jniedfeldt,travelmagazine,jniedfeldt
crmcmullen,crmcmullen,alainarivas
wendylpc,wendylpc,metmuseum
josephmorin,josephmorin,bradleystylenyc
neonvacation,daveotten9304,neonvacation
travelmagazine,travelmagazine,iancrocombe
alainarivas,alainarivas,weslyons
metmuseum,metmuseum,domthenick
bradleystylenyc,bradleystylenyc,carolinamillan
daveotten9304,daveotten9304,skymall
iancrocombe,jruggiero,iancrocombe
weslyons,weslyons,shaunacausey
domthenick,domthenick,seattletimes
carolinamillan,weddingpr,carolinamillan
skymall,savageque,skymall
jruggiero,jruggiero,edgarprado
shaunacausey,shaunacausey,chrisgtaylor
seattletimes,arnoldvsabben,seattletimes
weddingpr,godutchmobile,weddingpr
savageque,bigboi,savageque
edgarprado,williambeutler,edgarprado
chrisgtaylor,s_wash,chrisgtaylor
arnoldvsabben,arnoldvsabben,yonifreedhoff
godutchmobile,godutchmobile,ctcfit
bigboi,petershankman,bigboi
williambeutler,supercrosslive,williambeutler
s_wash,arielcoro,s_wash
yonifreedhoff,dbkguy,yonifreedhoff
ctcfit,chicagoval,ctcfit
petershankman,alanajoy,petershankman
supercrosslive,hoteltonight,supercrosslive
arielcoro,johncpacker,arielcoro
dbkguy,dbkguy,jeffcutler
chicagoval,chicagoval,atalexbooth
alanajoy,nationalpost,alanajoy
hoteltonight,hoteltonight,unacatalina
johncpacker,johncpacker,noh8campaign
jeffcutler,jakubptacin,jeffcutler
atalexbooth,atalexbooth,schachin
nationalpost,lalleclausen,nationalpost
unacatalina,bharrier,unacatalina
noh8campaign,noh8campaign,digitaltourbus
jakubptacin,insperityjobs,jakubptacin
schachin,concerts,schachin
lalleclausen,dkr,lalleclausen
bharrier,bharrier,pcc
digitaltourbus,digitaltourbus,brittanygreer5
insperityjobs,insperityjobs,rickyrobinett
concerts,bradcbarker,concerts
dkr,dkr,justjulie
pcc,pcc,snwbdrhoon
brittanygreer5,ehabalibakhreba,brittanygreer5
rickyrobinett,davekerpen,rickyrobinett
bradcbarker,bradcbarker,mikescollins
justjulie,justjulie,markfidelman
snwbdrhoon,snwbdrhoon,lilyshumleung
ehabalibakhreba,andykaufman,ehabalibakhreba
davekerpen,davekerpen,delawarere
mikescollins,puccetto,mikescollins
markfidelman,markfidelman,othar_lawrence
lilyshumleung,stevens1,lilyshumleung
andykaufman,andykaufman,electronicdward
delawarere,freelilly,delawarere
puccetto,puccetto,scootklein
othar_lawrence,othar_lawrence,iconjane
stevens1,sutahonthebeach,stevens1
electronicdward,msteechur,electronicdward
freelilly,chrisirmo,freelilly
scootklein,scootklein,ravimongia
iconjane,campcreekfarm,iconjane
sutahonthebeach,sutahonthebeach,wingless92
msteechur,msteechur,nynyvegas
chrisirmo,chrisirmo,pistachio
ravimongia,ravimongia,ienner
campcreekfarm,lindsaykap,campcreekfarm
wingless92,mariobatali,wingless92
nynyvegas,pineridgecondos,nynyvegas
pistachio,mktgnerd,pistachio
ienner,ienner,djmyk702
lindsaykap,lindsaykap,davidpessah
mariobatali,mariobatali,tikkers
pineridgecondos,pineridgecondos,saadshake
mktgnerd,mktgnerd,lukexmartin
djmyk702,jon_peachey,djmyk702
davidpessah,jerrylin,davidpessah
tikkers,tikkers,rohitbhargava
saadshake,dannybloomfield,saadshake
lukexmartin,lukexmartin,joekanakaraj
jon_peachey,jon_peachey,ajturner
jerrylin,jerrylin,wendymonday
rohitbhargava,rohitbhargava,dmytrovoytko
dannybloomfield,meghanpgill,dannybloomfield
joekanakaraj,joekanakaraj,rafichou
ajturner,that_danielle,ajturner
wendymonday,wendymonday,opajdara
dmytrovoytko,marieguerralyce,dmytrovoytko
meghanpgill,meghanpgill,uconn
rafichou,rafichou,nycparks
that_danielle,that_danielle,mameres
opajdara,opajdara,gingerbreadgal
marieguerralyce,albertwenger,marieguerralyce
uconn,uconn,lesliempr
nycparks,nycparks,doubletreesea
mameres,mameres,rockingcomedy
gingerbreadgal,coryjim,gingerbreadgal
albertwenger,endovenoso,albertwenger
lesliempr,zephoria,lesliempr
doubletreesea,anthonyshelley,doubletreesea
rockingcomedy,kw70,rockingcomedy
coryjim,bradyhahn,coryjim
endovenoso,tydowning,endovenoso
zephoria,toddjolmstead,zephoria
anthonyshelley,sarahdayowen,anthonyshelley
kw70,4sqatl,kw70
bradyhahn,bradyhahn,alyandajfanatic
tydowning,afpa1,tydowning
toddjolmstead,toddjolmstead,gradylocklear
sarahdayowen,vertexfitness,sarahdayowen
4sqatl,carlm3,4sqatl
alyandajfanatic,alyandajfanatic,skillshare
afpa1,afpa1,jrhunt
gradylocklear,gradylocklear,jonsherrell
vertexfitness,vertexfitness,katespadeny
carlm3,anytimefitness,carlm3
skillshare,synergybydesign,skillshare
jrhunt,gourmetlive,jrhunt
jonsherrell,jeffinsell,jonsherrell
katespadeny,gutterthegreat,katespadeny
anytimefitness,anytimefitness,crocs
synergybydesign,synergybydesign,mikulsky
gourmetlive,courtenaybird,gourmetlive
jeffinsell,jeffinsell,betabay
gutterthegreat,gutterthegreat,joshuaschwimmer
crocs,crocs,koelnformat
mikulsky,organovita,mikulsky
courtenaybird,247modernmom,courtenaybird
betabay,jubbabubba,betabay
joshuaschwimmer,joshuaschwimmer,digitalascent
koelnformat,mr_adri,koelnformat
organovita,organovita,helloitsliam
247modernmom,socialapp4u,247modernmom
jubbabubba,jimprosser,jubbabubba
digitalascent,heidismilde,digitalascent
mr_adri,saintinc,mr_adri
helloitsliam,udovetter,helloitsliam
socialapp4u,socialapp4u,aaronlutze
jimprosser,jimprosser,sethdreidelhill
heidismilde,dewimailelim,heidismilde
saintinc,saintinc,calevans
udovetter,udovetter,katrinaajohnson
aaronlutze,aaronlutze,megbutton
sethdreidelhill,kylaapplegate,sethdreidelhill
dewimailelim,dewimailelim,furiouscabbage
calevans,calevans,jasonfox_me
katrinaajohnson,binowski,katrinaajohnson
megbutton,obamamerican48,megbutton
kylaapplegate,kylaapplegate,visitcedarhill
furiouscabbage,furiouscabbage,philgerb
jasonfox_me,kikapimenta,jasonfox_me
binowski,contentkim,binowski
obamamerican48,colorado,obamamerican48
visitcedarhill,visitcedarhill,brunasororo
philgerb,mollysbrawley,philgerb
kikapimenta,mattwromero,kikapimenta
contentkim,contentkim,jasoncastellani
colorado,colorado,carlosmiranda
brunasororo,brunasororo,nickydigital
mollysbrawley,graisinbrand,mollysbrawley
mattwromero,mattwromero,tonydasco
jasoncastellani,jasoncastellani,mrflip
carlosmiranda,williammullin,carlosmiranda
nickydigital,nickydigital,cigarcurator
graisinbrand,kipnisstudios,graisinbrand
tonydasco,tonydasco,lanivoivod
mrflip,mrflip,stephagresta
williammullin,shannonkin,williammullin
cigarcurator,briancrouch,cigarcurator
kipnisstudios,kipnisstudios,frizziface
lanivoivod,lanivoivod,writingbymatt
stephagresta,stephagresta,1oomiles
shannonkin,shannonkin,morethanawesome
briancrouch,_dom,briancrouch
frizziface,frizziface,davidsandusky
writingbymatt,shrutigoradia,writingbymatt
1oomiles,1oomiles,steveclyde
morethanawesome,kahbang,morethanawesome
_dom,_dom,jimcaruso
davidsandusky,davidsandusky,ejmiranda
shrutigoradia,shrutigoradia,phillyncrowd
steveclyde,fromthebronx,steveclyde
kahbang,kahbang,juanctirado
jimcaruso,ladyniki_59,jimcaruso
ejmiranda,ejmiranda,desireevallez
phillyncrowd,jpunishill,phillyncrowd
fromthebronx,fromthebronx,lisetterocco
juanctirado,juanctirado,thepatreidy
ladyniki_59,ladyniki_59,m0ndler
desireevallez,desireevallez,lsh
jpunishill,gopconvention,jpunishill
lisetterocco,joemirabella,lisetterocco
thepatreidy,thepatreidy,psychmesu
m0ndler,me_max,m0ndler
lsh,lsh,c_banman
gopconvention,amykocur,gopconvention
joemirabella,innab,joemirabella
psychmesu,oxygen,psychmesu
me_max,me_max,stayheated
c_banman,c_banman,gabevidal
amykocur,glamsquadshop,amykocur
innab,adriennenhester,innab
oxygen,oxygen,snyderwriter
stayheated,lauraknapp,stayheated
gabevidal,gabevidal,jsullivanj
glamsquadshop,glamsquadshop,gonzaloluengo
adriennenhester,meganbrownrn,adriennenhester
snyderwriter,paulbarron,snyderwriter
lauraknapp,totallymorgan,lauraknapp
jsullivanj,brendankeegan,jsullivanj
gonzaloluengo,calebelston,gonzaloluengo
meganbrownrn,meganbrownrn,dmcdowell523
paulbarron,bikforcancer,paulbarron
totallymorgan,mls,totallymorgan
brendankeegan,brendankeegan,brianhauer
calebelston,andrewvest,calebelston
dmcdowell523,wil0520,dmcdowell523
bikforcancer,bikforcancer,kprobbins
mls,danielbru,mls
brianhauer,brianhauer,baranek
andrewvest,nilsgranger,andrewvest
wil0520,wil0520,stacyknows
kprobbins,kprobbins,vegascom
danielbru,danielbru,s_zangrilli
baranek,baranek,panda_austen
nilsgranger,shpralex,nilsgranger
stacyknows,oneslyone,stacyknows
vegascom,wef,vegascom
s_zangrilli,jonathanesmith,s_zangrilli
panda_austen,petersgreenberg,panda_austen
shpralex,phillyfreedm,shpralex
oneslyone,oneslyone,minderelly9
wef,vnl,wef
jonathanesmith,jonathanesmith,oscarthiers
petersgreenberg,petersgreenberg,kylebunch
phillyfreedm,phillyfreedm,alphasigs
minderelly9,minderelly9,armainiac
vnl,vnl,tgdietz
oscarthiers,oscarthiers,evolutionfresh
kylebunch,kylebunch,rickbakas
alphasigs,nydailynews,alphasigs
armainiac,armainiac,bytemarks
tgdietz,tgdietz,hofstrau
evolutionfresh,evolutionfresh,baratunde
rickbakas,iceshan,rickbakas
nydailynews,nydailynews,megan_calimbas
bytemarks,bytemarks,akaashsaini
hofstrau,hofstrau,davemorin
baratunde,giovanni,baratunde
iceshan,iceshan,vabeloved
megan_calimbas,megan_calimbas,lukeaf
akaashsaini,discoverla,akaashsaini
davemorin,johnedetroit,davemorin
giovanni,tessa,giovanni
vabeloved,vabeloved,villanovau
lukeaf,bigkarma,lukeaf
discoverla,discoverla,heymattkirsch
johnedetroit,johnedetroit,osum
tessa,jspepper,tessa
villanovau,benmcconnell,villanovau
bigkarma,bigkarma,caseylynnmms
heymattkirsch,gkasica,heymattkirsch
osum,osum,musiccitytaxi
jspepper,jspepper,techfrog
benmcconnell,benmcconnell,aroundphilly
caseylynnmms,caseylynnmms,forgen
gkasica,matthewjleblanc,gkasica
musiccitytaxi,musiccitytaxi,scottmonty
techfrog,aeer69,techfrog
aroundphilly,supermodelme,aroundphilly
forgen,forgen,boundarybay
matthewjleblanc,deskoneer,matthewjleblanc
scottmonty,micek,scottmonty
aeer69,aeer69,rocktique
supermodelme,scobleizer,supermodelme
boundarybay,kinlane,boundarybay
deskoneer,deskoneer,peterkim
micek,danceking,micek
rocktique,pnlamandre,rocktique
scobleizer,themacstore,scobleizer
kinlane,kinlane,nw_music_scene
peterkim,peterkim,shaila
danceking,danceking,christinehitt
pnlamandre,pnlamandre,kg
themacstore,katebuckjr,themacstore
nw_music_scene,gigi_peterkin,nw_music_scene
shaila,nycgov,shaila
christinehitt,theory__,christinehitt
kg,iywkeywest,kg
katebuckjr,katebuckjr,thebradical
gigi_peterkin,untappd,gigi_peterkin
nycgov,osyrn,nycgov
theory__,hnldriver,theory__
iywkeywest,iywkeywest,boltron
thebradical,thebradical,brunobyington
untappd,untappd,rachelrubes
osyrn,drinkphilly,osyrn
hnldriver,theecofoodie,hnldriver
boltron,boltron,kevinrzuber
brunobyington,forechecker,brunobyington
rachelrubes,donniefranklin,rachelrubes
drinkphilly,the_geb,drinkphilly
theecofoodie,kristiewells,theecofoodie
kevinrzuber,josselinmo,kevinrzuber
forechecker,jameshuerta,forechecker
donniefranklin,yoavlurie,donniefranklin
the_geb,persiancowboy,the_geb
kristiewells,kristiewells,dens
josselinmo,mgallops,josselinmo
jameshuerta,kuhn,jameshuerta
yoavlurie,darqlabs,yoavlurie
persiancowboy,racingtales,persiancowboy
dens,dens,gecareers
mgallops,jamiehayesart,mgallops
kuhn,kuhn,artocalypse
darqlabs,antibride,darqlabs
racingtales,racingtales,parrisharris
gecareers,joshkersey,gecareers
jamiehayesart,dusanmurco,jamiehayesart
artocalypse,artocalypse,pgatour
antibride,antibride,thisisbossi
parrisharris,parrisharris,styledotcom
joshkersey,joshkersey,omgitzfern
dusanmurco,dusanmurco,muralibala
pgatour,pgatour,djsleeper
thisisbossi,ahauptman,thisisbossi
styledotcom,jkennedy93,styledotcom
omgitzfern,christophoclese,omgitzfern
muralibala,leolaporte,muralibala
djsleeper,djsleeper,techbutthead
ahauptman,niamhhughes,ahauptman
jkennedy93,jkennedy93,mattable
christophoclese,christophoclese,genepark
leolaporte,leolaporte,scionboo
techbutthead,cmuiz,techbutthead
niamhhughes,niamhhughes,continuants
mattable,susie_parker,mattable
genepark,mikeschiemer,genepark
scionboo,scionboo,ryanchris
cmuiz,cmuiz,platoonfitness
continuants,yodspica,continuants
susie_parker,krynsky,susie_parker
mikeschiemer,mikeschiemer,cheflayla
ryanchris,ryanchris,wezg
platoonfitness,platoonfitness,laurenashleys
yodspica,yodspica,tgirvin
krynsky,krynsky,curlycomedy
cheflayla,bowsern,cheflayla
wezg,bk2gther,wezg
laurenashleys,laurenashleys,andrewsmith1443
tgirvin,tgirvin,jasonyi924
curlycomedy,beourguestmike,curlycomedy
bowsern,thony_50,bowsern
bk2gther,bk2gther,barbaccio
andrewsmith1443,andrewsmith1443,cincicouponbook
jasonyi924,jasonyi924,rigginsconst
beourguestmike,djacobs,beourguestmike
thony_50,thony_50,nananepo
barbaccio,barbaccio,jenmitlas
cincicouponbook,cincicouponbook,htpotter
rigginsconst,jessicanorthey,rigginsconst
djacobs,djacobs,kazab
nananepo,nananepo,sarahbethrosa
jenmitlas,jimgrayonline,jenmitlas
htpotter,chelsa,htpotter
jessicanorthey,ccdoan,jessicanorthey
kazab,jtucker65,kazab
sarahbethrosa,griner,sarahbethrosa
jimgrayonline,jimgrayonline,april_in_wa
chelsa,forrestkoba,chelsa
ccdoan,kimhollenshead,ccdoan
jtucker65,jtucker65,joelgascoigne
griner,griner,anda_jd
april_in_wa,april_in_wa,stevegarfield
forrestkoba,forrestkoba,bremmel
kimhollenshead,kimhollenshead,mat
joelgascoigne,chrisolave,joelgascoigne
anda_jd,anda_jd,amezini
stevegarfield,stevegarfield,fosterthinking
bremmel,themiragelv,bremmel
mat,mat,thepatmorgan
chrisolave,chrisolave,dbmagazine
amezini,msmeshelle,amezini
fosterthinking,fosterthinking,teach42
themiragelv,nyc_dot,themiragelv
thepatmorgan,thepatmorgan,carlablumenthal
dbmagazine,thewhyteninja,dbmagazine
msmeshelle,msmeshelle,tfbraelyn
teach42,teach42,mwilliford
nyc_dot,nyc_dot,kevin_goldberg
carlablumenthal,simonschuster,carlablumenthal
thewhyteninja,thewhyteninja,deaconbluue
tfbraelyn,lululemon,tfbraelyn
mwilliford,mwilliford,rickmurray
kevin_goldberg,whizhouse,kevin_goldberg
simonschuster,aabrahamsson,simonschuster
deaconbluue,deaconbluue,mr_joshhern
lululemon,lululemon,darrelwf
rickmurray,graciesoriano,rickmurray
whizhouse,whizhouse,nbcthevoice
aabrahamsson,scottrasak,aabrahamsson
mr_joshhern,dallasdirtcandy,mr_joshhern
darrelwf,darrelwf,ironingyoutube
graciesoriano,graciesoriano,caseydaigle
nbcthevoice,nbcthevoice,omaflinger
scottrasak,scottrasak,adriftnz
dallasdirtcandy,vegasvcard,dallasdirtcandy
ironingyoutube,czsupplements,ironingyoutube
caseydaigle,travisketchum,caseydaigle
omaflinger,tiboutoo,omaflinger
adriftnz,adriftnz,brandonbrown
vegasvcard,vegasvcard,imdjddddave
czsupplements,elliotj651,czsupplements
travisketchum,thegrio,travisketchum
tiboutoo,ilovegarick,tiboutoo
brandonbrown,brandonbrown,srinaldi
imdjddddave,decept1k0n,imdjddddave
elliotj651,healthylosergal,elliotj651
thegrio,dedlam,thegrio
ilovegarick,lyndalpn,ilovegarick
srinaldi,mcm180,srinaldi
decept1k0n,decept1k0n,davewaite
healthylosergal,healthylosergal,ghbrett
dedlam,dedlam,livedeified
lyndalpn,lyndalpn,johnshopkins
mcm180,mcm180,deweydon
davewaite,davewaite,dales777
ghbrett,ghbrett,cherylrice
livedeified,francischoe,livedeified
johnshopkins,johnshopkins,siravo
deweydon,deweydon,tristanwalker
dales777,jayded_dreams,dales777
cherylrice,cherylrice,adamostrow
francischoe,francischoe,lotekjunky
siravo,queenofspain,siravo
tristanwalker,iboughtamac,tristanwalker
jayded_dreams,jayded_dreams,miranmaric
adamostrow,dallasmuseumart,adamostrow
lotekjunky,kurtclark,lotekjunky
queenofspain,queenofspain,sears
iboughtamac,rahsheen,iboughtamac
miranmaric,dermdoc,miranmaric
dallasmuseumart,mindofandre,dallasmuseumart
kurtclark,martiniolives,kurtclark
sears,joycemsullivan,sears
rahsheen,rahsheen,cc_chapman
dermdoc,dermdoc,goldmalish
mindofandre,mindofandre,lawrenceyeah
martiniolives,martiniolives,thaz7
joycemsullivan,joycemsullivan,ceonyc
cc_chapman,niketa,cc_chapman
goldmalish,goldmalish,williambaobean
lawrenceyeah,lawrenceyeah,ryanintheus
thaz7,thaz7,emiliad
ceonyc,stales,ceonyc
niketa,niketa,jtw90210
williambaobean,williambaobean,reinventingcole
ryanintheus,clayman,ryanintheus
emiliad,emiliad,aliciadoeshair
stales,stales,dsmith124
jtw90210,weirdcoupons,jtw90210
reinventingcole,kayak,reinventingcole
clayman,clayman,themaninthehat
aliciadoeshair,aliciadoeshair,nyulocal
dsmith124,vikkivendetta,dsmith124
weirdcoupons,weirdcoupons,hutchmo
kayak,kayak,frankneill
themaninthehat,themaninthehat,samproof
nyulocal,nyulocal,n8thesk8
vikkivendetta,cocomoco,vikkivendetta
hutchmo,hutchmo,carribugbee
frankneill,frankneill,elisia66
samproof,samproof,liscallelura
n8thesk8,n8thesk8,shuttlehugger
cocomoco,colinglenn,cocomoco
carribugbee,carribugbee,camplommer
elisia66,elisia66,rondostar
liscallelura,pricousins,liscallelura
shuttlehugger,plawler,shuttlehugger
colinglenn,colinglenn,thachnguyen
camplommer,camplommer,foodem
rondostar,melgordon,rondostar
pricousins,pricousins,badbrad562
plawler,cntraveler,plawler
thachnguyen,hambysandiego,thachnguyen
foodem,alie_webb,foodem
melgordon,melgordon,nathanhoy
badbrad562,badbrad562,aprilknunchucks
cntraveler,redbookmag,cntraveler
hambysandiego,hambysandiego,jer979
alie_webb,matthewtennant,alie_webb
nathanhoy,nathanhoy,chrisricca
aprilknunchucks,yubbie007,aprilknunchucks
redbookmag,bsnyderii,redbookmag
jer979,jer979,estarks02
matthewtennant,ron_ledford,matthewtennant
chrisricca,chrisricca,whitneysays
yubbie007,yubbie007,charitys
bsnyderii,bsnyderii,liamquinn71
estarks02,jlopez255,estarks02
ron_ledford,linthecity,ron_ledford
whitneysays,christinekorda,whitneysays
charitys,charitys,noraa
liamquinn71,andrewphelps,liamquinn71
jlopez255,lilsmarsh,jlopez255
linthecity,scwbkk,linthecity
christinekorda,nick_rehm,christinekorda
noraa,dannylondon,noraa
andrewphelps,andrewphelps,chaseclark
lilsmarsh,lilsmarsh,kevinurie
scwbkk,yanceyu,scwbkk
nick_rehm,nick_rehm,vincewilcox
dannylondon,dannylondon,krystyl
chaseclark,hrhutchi,chaseclark
kevinurie,starpadilla,kevinurie
yanceyu,yanceyu,cyndi_r82
vincewilcox,vincewilcox,brett
krystyl,krystyl,hawaiilife
hrhutchi,timbersfc,hrhutchi
starpadilla,starpadilla,tinokuehnel
cyndi_r82,cyndi_r82,nosa_vos
brett,brett,jacksonjey
hawaiilife,dwescott1,hawaiilife
timbersfc,4sqlovestory,timbersfc
tinokuehnel,tinokuehnel,tedvalentin
nosa_vos,nosa_vos,umg
jacksonjey,szeliu,jacksonjey
dwescott1,everywheretrip,dwescott1
4sqlovestory,mariners,4sqlovestory
tedvalentin,paul_steele,tedvalentin
umg,umg,eranium
szeliu,iluvmarthasvy,szeliu
everywheretrip,everywheretrip,danny_fitton
mariners,mariners,slowfoodnyc
paul_steele,scottdreyfus,paul_steele
eranium,carlsorvino,eranium
iluvmarthasvy,iluvmarthasvy,joe_bauer
danny_fitton,danny_fitton,gadling
slowfoodnyc,iamedia007,slowfoodnyc
scottdreyfus,beenishm23,scottdreyfus
carlsorvino,efl_guy,carlsorvino
joe_bauer,joe_bauer,sabroyles
gadling,crainschicago,gadling
iamedia007,iamedia007,jeannemariepics
beenishm23,beenishm23,armano
efl_guy,efl_guy,jacobdfriedman
sabroyles,sabroyles,bravo
crainschicago,bernardmoon,crainschicago
jeannemariepics,jeannemariepics,mandyschu
armano,armano,princeton
jacobdfriedman,jacobdfriedman,seasurgzevents
bravotv,bravo,dbearhunley
bernardmoon,bernardmoon,thevakko
mandyschu,leyla_a,mandyschu
princeton,laughingsquid,princeton
seasurgzevents,seasurgzevents,djsweeps
dbearhunley,dbearhunley,michaeldrico
thevakko,thevakko,kentspeakman
leyla_a,leyla_a,benjaminmejias
laughingsquid,dtrliveworkplay,laughingsquid
djsweeps,keewood,djsweeps
michaeldrico,joeyhodges,michaeldrico
kentspeakman,kentspeakman,jazzyjade45
benjaminmejias,emmarocks,benjaminmejias
dtrliveworkplay,totalbottomjock,dtrliveworkplay
keewood,justushammond,keewood
joeyhodges,hyattmaui,joeyhodges
jazzyjade45,jazzyjade45,stevewoz
emmarocks,danopaquette,emmarocks
totalbottomjock,amnesty,totalbottomjock
justushammond,justushammond,leotwit
hyattmaui,hyattmaui,joemfbrown
stevewoz,tacguy253,stevewoz
danopaquette,jess3,danopaquette
amnesty,loriruff,amnesty
leotwit,leotwit,kristenskimom
joemfbrown,joemfbrown,sherylshusband
tacguy253,tacguy253,gdrosser
jess3,jess3,cathbot
loriruff,felix_molina,loriruff
kristenskimom,kristenskimom,uw
sherylshusband,alannyc,sherylshusband
gdrosser,lmsagency,gdrosser
cathbot,cathbot,djidlemind
felix_molina,felix_molina,scottbarnes
uw,uw,lfatzinger
alannyc,mikewesterberg,alannyc
lmsagency,lmsagency,debramacki
djidlemind,teenvogue,djidlemind
scottbarnes,alistdfw,scottbarnes
lfatzinger,lfatzinger,benzado
mikewesterberg,ekivemark,mikewesterberg
debramacki,timcarrla,debramacki
teenvogue,iprincemb,teenvogue
alistdfw,alistdfw,rcrdlbl
benzado,phidelt,benzado
ekivemark,ekivemark,jamestrobo
timcarrla,timcarrla,ourordinarylife
iprincemb,iprincemb,michelreverte
rcrdlbl,savvytweeter,rcrdlbl
phidelt,phidelt,obrats
jamestrobo,hajjflemings,jamestrobo
ourordinarylife,ourordinarylife,phvegas
michelreverte,michelreverte,hoverbird
savvytweeter,ctbartab,savvytweeter
obrats,mariosundar,obrats
hajjflemings,padres,hajjflemings
phvegas,le_fino,phvegas
hoverbird,zipcar,hoverbird
ctbartab,annabridget,ctbartab
mariosundar,diamondmind50,mariosundar
padres,jasonmoriber,padres
le_fino,le_fino,n4_bb
zipcar,g_lovesky,zipcar
annabridget,skiingmag,annabridget
diamondmind50,diamondmind50,kayt_marie
jasonmoriber,heyrosetta,jasonmoriber
n4_bb,ccuellar,n4_bb
g_lovesky,1027kiisfm,g_lovesky
skiingmag,krochmal,skiingmag
kayt_marie,kayt_marie,gvaro
heyrosetta,keefmoon,heyrosetta
ccuellar,ccuellar,socialwicker
1027kiisfm,1027kiisfm,vmartinez8260
krochmal,krochmal,bridgetzig
gvaro,gvaro,carefulkeeper
keefmoon,yama,keefmoon
socialwicker,socialwicker,edkless
vmartinez8260,danrichardsjr,vmartinez8260
bridgetzig,outmagazine,bridgetzig
carefulkeeper,kipdurney,carefulkeeper
yama,yama,uwmadison
edkless,marco_demerling,edkless
danrichardsjr,mjtski,danrichardsjr
outmagazine,laurenapn,outmagazine
kipdurney,muzicluver28,kipdurney
uwmadison,uwmadison,julieford808
marco_demerling,vfrandsen,marco_demerling
mjtski,mjtski,sfmoma
laurenapn,laurenapn,nickdawson
muzicluver28,dc_design_print,muzicluver28
julieford808,julieford808,shahkaal
vfrandsen,vfrandsen,agoldfisher
sfmoma,coachniquenya,sfmoma
nickdawson,themorningfresh,nickdawson
dc_design_print,dc_design_print,makeupartist524
shahkaal,decanter,shahkaal
agoldfisher,agoldfisher,singing_poetry
coachniquenya,coachniquenya,thebradking
themorningfresh,kristathomas,themorningfresh
makeupartist524,makeupartist524,moniquemontague
decanter,tarastiles,decanter
singing_poetry,amalucky,singing_poetry
thebradking,thebradking,markriffey
kristathomas,catgreggs,kristathomas
moniquemontague,moniquemontague,libbydoodle
tarastiles,tarastiles,def1ant1
amalucky,amalucky,theconstruct
markriffey,markriffey,hasselbeck
catgreggs,rangison,catgreggs
libbydoodle,ernestwilkins,libbydoodle
def1ant1,kathyhogeveen,def1ant1
theconstruct,huffmanaustin,theconstruct
hasselbeck,frdhutaz,hasselbeck
rangison,abovethestatic,rangison
ernestwilkins,heymemoirs,ernestwilkins
kathyhogeveen,kathyhogeveen,annapizarro
huffmanaustin,huffmanaustin,67mele
frdhutaz,frdhutaz,dough
abovethestatic,abovethestatic,slangeditorial
heymemoirs,heymemoirs,jwillie
annapizarro,nancyorganizes,annapizarro
67mele,brady,67mele
dough,dough,healthwarehouse
slangeditorial,slangeditorial,agentjirius
jwillie,miriamtorrente,jwillie
nancyorganizes,makmakdaddy,nancyorganizes
brady,greggwsoucie,brady
healthwarehouse,curtisraye,healthwarehouse
agentjirius,philaunion,agentjirius
miriamtorrente,craftalliance,miriamtorrente
makmakdaddy,makmakdaddy,jobantum
greggwsoucie,angelawoody,greggwsoucie
curtisraye,curtisraye,antnys
philaunion,eyemediadiva,philaunion
craftalliance,craftalliance,resplendentlyme
jobantum,dberkowitz,jobantum
angelawoody,kk,angelawoody
antnys,antnys,crossga
eyemediadiva,eyemediadiva,gayecrispin
resplendentlyme,rickgriffin,resplendentlyme
dberkowitz,dberkowitz,gillianilvla
kk,itwentviral,kk
crossga,kebwilson,crossga
gayecrispin,mikeoneilrocks,gayecrispin
rickgriffin,gaetkoguy,rickgriffin
gillianilvla,ialen,gillianilvla
itwentviral,claudioenriquea,itwentviral
kebwilson,alexjamesfitz,kebwilson
mikeoneilrocks,susimi,mikeoneilrocks
gaetkoguy,gaetkoguy,massander
ialen,shawncarter03,ialen
claudioenriquea,elizabethglau,claudioenriquea
alexjamesfitz,rich1,alexjamesfitz
susimi,2007_s2,susimi
massander,massander,soundersfc
shawncarter03,lizasperling,shawncarter03
elizabethglau,elizabethglau,samshank
rich1,motosanricambi,rich1
2007_s2,2007_s2,ctbites
soundersfc,msh,soundersfc
lizasperling,lizasperling,juiceroyal
samshank,samshank,gregarious
motosanricambi,lukeslytalker,motosanricambi
ctbites,ctbites,danmaccarone
msh,msh,mh
juiceroyal,juiceroyal,beh_zod
gregarious,imercuryinfo,gregarious
lukeslytalker,lukeslytalker,fearlessrecords
danmaccarone,restorerguy,danmaccarone
mh,davidnam,mh
beh_zod,rubenorozco,beh_zod
imercuryinfo,imercuryinfo,marketingm8
fearlessrecords,pcfromdc,fearlessrecords
restorerguy,markwhiting,restorerguy
davidnam,antoniocdsmith,davidnam
rubenorozco,rubenorozco,extratv
marketingm8,marketingm8,breko
pcfromdc,whitneymeers,pcfromdc
markwhiting,markwhiting,ambde
antoniocdsmith,kosherfoodies,antoniocdsmith
extratv,extratv,jodybossert
breko,breko,nik_nik
whitneymeers,whitneymeers,tsparnell
ambde,adriarichards,ambde
kosherfoodies,kosherfoodies,mattdanzico
jodybossert,jodybossert,ortelius
nik_nik,nik_nik,theoriginaleb
tsparnell,tanveer86,tsparnell
adriarichards,adriarichards,smcornelius
mattdanzico,theplanetd,mattdanzico
ortelius,gknutson,ortelius
theoriginaleb,theoriginaleb,heatherleson
tanveer86,brokentreedist,tanveer86
smcornelius,smcornelius,wedgelee
theplanetd,ethoz1970,theplanetd
gknutson,gknutson,paulbz
heatherleson,sdodson,heatherleson
brokentreedist,heyitsliam,brokentreedist
wedgelee,wedgelee,coachforyou
ethoz1970,nashvillesymph,ethoz1970
paulbz,paulbz,hiltonseattle
sdodson,sdodson,momx3deb
heyitsliam,heyitsliam,hayitsalexis
coachforyou,coachforyou,dggoes211
nashvillesymph,mg,nashvillesymph
hiltonseattle,hiltonseattle,beaulebens
momx3deb,momx3deb,rowiro
hayitsalexis,hayitsalexis,afridaythoughts
dggoes211,dggoes211,paediatrix
mg,mg,forcemm
beaulebens,beaulebens,kegill
rowiro,bethemedia,rowiro
afridaythoughts,afridaythoughts,catahouligan
paediatrix,peli_,paediatrix
forcemm,anniemal,forcemm
kegill,photomatt,kegill
bethemedia,crainsnewyork,bethemedia
catahouligan,catahouligan,todd1hhd
peli_,peli_,pnwnetworking
anniemal,anniemal,tessabarrera
photomatt,sariverwalkfun,photomatt
crainsnewyork,dhoov08004,crainsnewyork
todd1hhd,todd1hhd,alexissunshine
pnwnetworking,sea_happyhour,pnwnetworking
tessabarrera,ashleylaurend,tessabarrera
sariverwalkfun,micah,sariverwalkfun
dhoov08004,dhoov08004,sfgiants
alexissunshine,alexissunshine,mayhemstudios
sea_happyhour,kenfucious,sea_happyhour
ashleylaurend,energyintransit,ashleylaurend
micah,mayerreich,micah
sfgiants,kristensavage,sfgiants
mayhemstudios,datachick,mayhemstudios
kenfucious,hc,kenfucious
energyintransit,mktgnutz,energyintransit
mayerreich,mayerreich,bahjournalist
kristensavage,lifeinparadise,kristensavage
datachick,datachick,vivowang
hc,hc,timmermansr
mktgnutz,mktgnutz,jeffrey3063
bahjournalist,richardmachtel,bahjournalist
lifeinparadise,lifeinparadise,annev6
vivowang,lifeisporno,vivowang
timmermansr,timmermansr,heatherrglass
jeffrey3063,jeffrey3063,stephenpeeler
richardmachtel,richardmachtel,turian
annev6,aussiebum,annev6
lifeisporno,lucienengelen,lifeisporno
heatherrglass,imabima,heatherrglass
stephenpeeler,jordanmabe,stephenpeeler
turian,turian,queenjaimi
aussiebum,garyvee,aussiebum
lucienengelen,lucienengelen,anildash
imabima,imabima,ericdet314
jordanmabe,jordanmabe,lukasjanousek
queenjaimi,queenjaimi,naveen
garyvee,garyvee,bbcworldservice
anildash,anildash,julierasmussen
ericdet314,danielpatrick,ericdet314
lukasjanousek,hearnebraska,lukasjanousek
naveen,realizeu,naveen
bbcworldservice,bbcworldservice,patrick
julierasmussen,bobbibillard,julierasmussen
danielpatrick,danielpatrick,megraegrady
hearnebraska,hearnebraska,clatko
realizeu,embertime,realizeu
patrick,warrenss,patrick
bobbibillard,bobbibillard,scottrsmithpr
megraegrady,megraegrady,elspethjane
clatko,clatko,willy_wopper
embertime,embertime,whitneymuseum
warrenss,razabegg,warrenss
scottrsmithpr,lynneluvah,scottrsmithpr
elspethjane,elspethjane,angelaecarder
willy_wopper,ericwms,willy_wopper
whitneymuseum,brandlippincott,whitneymuseum
razabegg,razabegg,katieirv
lynneluvah,robknapton,lynneluvah
angelaecarder,klauseck,angelaecarder
ericwms,ericwms,tobyd
brandlippincott,downtownnyc,brandlippincott
katieirv,katieirv,whistlerblckcmb
robknapton,robknapton,alexgarcia
klauseck,kellythul,klauseck
tobyd,lazarusross,tobyd
downtownnyc,downtownnyc,nitinkjain
whistlerblckcmb,joshuagates,whistlerblckcmb
alexgarcia,travelitalia,alexgarcia
kellythul,travelmagazine,kellythul
lazarusross,neonvacation,lazarusross
nitinkjain,josephmorin,nitinkjain
joshuagates,joshuagates,wendylpc
travelitalia,travelitalia,crmcmullen
